
USE AGENCIA;

INSERT INTO `endereco` (`cep`,`estado`,`logradouro`,`predio`,`complemento`,`cidade`) VALUES ("14846-260","SP","P.O. Box 903, 8152 Porta St.","3A4","5135 Vitae Ave","Diadema"),
("51470-231","PE","P.O. Box 752, 4420 Proin Road","5","250-2724 Aliquet Ave","Camaragibe"),
("81304-878","PR","7928 Aliquam Ave","488"," Posuere Road","Londrina"),
("50915-737","PE","P.O. Box 342, 9767 Eleifend. St.","99","P.O. Box 315, 6024 Ultrices Av.","Petrolina"),
("66256-869","PA","P.O. Box 497, 1742 Nec Av.","8","6816 Ipsum Street","Castanhal"),
("84324-108","PR","544-9270 Libero Rd.","350","Egestas Rd.","Curitiba"),
("58539-565","PB","P.O. Box 955, 7524 Ut St.","6U4","Arcu. Rd.","Patos"),
("15989-568","SP","325-9635 Faucibus Rd.","U7","709-2996 Dignissim St.","Campinas"),
("14180-514","SP","Volutpat St.","4","Congue, Avenue","Piracicaba"),
("58403-839","PB","2204 Aliquam Ave","1","Proin St.","Patos");


INSERT INTO `pessoa` (`cod`,`nome`,`dt_nasc`,`sexo`,`fone`,`ft`,`cep`,`num`) VALUES 
("16450205195","Edan Jael","1989-02-21 15:34:51","F","(449) 231-8183","FT0","20210-208",7779),
("16040411122","Glenna Rigel","1964-10-28 06:29:24","F","(789) 543-0507","FT1","14779-192",1886),
("16000712739","Colt Christopher","1990-05-02 06:55:25","M","(965) 546-0068","FT2","49764-791",4941),
("16550423243","Igor Forrest","1998-08-09 06:38:55","F","(744) 262-6212","FT3","10799-295",3864),
("16441015622","Kirsten Oren","1965-09-10 01:47:13","F","(407) 106-0023","FT4","08650-587",7237),
("16780930808","Ramona Lilah","2000-06-30 15:05:00","M","(154) 337-4965","FT5","67153-159",4221),
("16100111876","Raja Ralph","1953-06-28 21:53:19","M","(816) 931-6356","FT6","90334-325",153),
("16970207878","Reece Nehru","1965-07-28 13:42:10","M","(392) 737-4546","FT7","40737-703",3622),
("16910527049","Tarik Jane","1967-06-23 16:33:28","F","(991) 794-0229","FT8","22818-364",8115),
("16010301880","Tyrone Willow","1981-03-24 21:49:47","M","(594) 250-4834","FT9","30973-085",5884),

("17550205195","Stacy Quinlan","1969-03-21 15:34:51","F","(44) 231-8183","FT11","19210-208",9779),
("17140411122","Jada Rigel","1974-11-28 06:29:24","F","(78) 541-0507","FT12","03779-192",3886),
("17100712739","Christopher Deirdre","1992-06-02 06:55:25","M","(96) 541-0068","FT13","38764-791",6941),
("17650423243","Maggy Brenna","1998-09-09 06:38:55","F","(74) 261-6212","FT14","09799-295",5864),
("17541015622","Athena Jerry","1975-10-10 01:47:13","F","(40) 101-0023","FT15","97650-587",9237),
("17880930808","Bertha","2000-07-30 15:05:00","M","(15) 331-4965","FT16","56153-159",6221),
("17200111876","Ralph","1963-07-28 21:53:19","M","(81) 931-6356","FT17","89334-325",353),
("17070207878","Yuri Nehru","1975-08-28 13:42:10","M","(39) 737-4546","FT18","39737-703",5622),
("17010527049","Helen Jane","1977-07-23 16:33:28","F","(99) 794-0209","FT19","11818-364",0115),
("17110301880","Barclay Lillith","1992-05-24 21:49:47","F","(59) 330-4834","FT20","29973-085",7884);

INSERT INTO `agencia` (`CNPJ`,`nome_fantasia`,`cep`,`num`,`codgerente`,`datainicio`,`num_cliente`) VALUES 
("32502760099","Vel Convallis In Corporation","00211-949",473,"11010301880","2018-05-24 20:57:10",238),
("45726444299","Nibh Lacinia Corporation","28397-601",4999,"12910301880","2019-06-04 03:13:35",496),
("72598705499","Magnis LLC","36803-781",1941,"13810301880","2018-10-17 16:41:45",81),
("05310445299","Nec Enim Nunc Foundation","49836-225",325,"14710301880","2018-12-30 10:06:06",205),
("20464828799","Sit Amet Consectetuer Limited","48170-310",6183,"15610301880","2018-03-23 05:19:28",79),
("49774256899","Faucibus Leo Industries","02216-023",575,"16510301880","2018-12-05 15:50:10",815),
("63832865999","Morbi Tristique Senectus Industries","12920-266",1998,"17410301880","2018-01-23 18:07:35",95),
("89514914499","Blandit Viverra Donec Ltd","54855-193",4795,"18310301880","2018-05-15 08:17:29",932),
("15922568399","Luctus Aliquet LLP","13305-106",4640,"19210301880","2018-12-06 07:14:35",901),
("92869851699","Sit Amet LLP","94913-521",2901,"10110101181","2017-08-04 09:43:47",186);

INSERT INTO `agente` (`salario`,`ramal`,`cpf`,`cod`,`cod_agencia`) VALUES 
(7906,"(396) 153-9903","16790221-1114","16450205195","32502760099"),
(5173,"(876) 950-3594","16540824-4472","16040411122","32502760099"),
(6228,"(963) 847-1204","16870603-8638","16000712739","32502760099");

INSERT INTO `guia` (`salario`,`ramal`,`cpf`,`cod`,`cod_agencia`) VALUES 
(2776,"(386) 250-9880","16760306-6049","16550423243","45726444299"),
(5244,"(659) 939-8818","16720306-1424","16441015622","45726444299"),
(6301,"(713) 950-5399","16760411-3717","16780930808","45726444299");

INSERT INTO `motorista` (`salario`,`ramal`,`cpf`,`cod`,`cod_agencia`) VALUES 
(7798,"(964) 637-5087","16500911-5287","16100111876","20464828799"),
(8368,"(393) 954-8705","16890309-7973","16970207878","20464828799"),
(4751,"(122) 642-8174","16290121-2916","16910527049","45726444299"),
(6711,"(529) 380-3446","16670211-2894","16010301880","32502760099");

INSERT INTO `gerente` (`salario`,`ramal`,`cpf`,`cod`,`cod_agencia`) VALUES 
(7384,"(668) 603-3474","16111122-0743","11010301880","32502760099"),
(6227,"(770) 752-4285","16460223-8075","12910301880","45726444299"),
(5521,"(752) 292-5417","16310828-6737","13810301880","72598705499"),
(2483,"(676) 524-0190","16510919-5239","14710301880","05310445299"),
(9660,"(917) 550-0413","16420110-9784","15610301880","20464828799"),
(3329,"(781) 824-7660","16341120-3502","16510301880","49774256899"),
(2303,"(227) 982-2453","16041020-4952","17410301880","63832865999"),
(8112,"(774) 807-6886","16650107-6357","18310301880","89514914499"),
(4112,"(810) 951-9299","16680801-8243","19210301880","15922568399"),
(5993,"(447) 533-4912","16300609-9208","10110101181","92869851699");

INSERT INTO `malaDireta` (`codigo`,`texto`,`dt_criacao`,`dt_envio`) VALUES 
("463961-2839","semper erat, in consectetuer","2019-04-01 05:23:24","2019-08-18 14:21:33"),
("413898-0760","sit","2017-01-06 22:05:14","2017-10-20 08:33:31"),
("652824-3550","erat vel pede blandit congue. In scelerisque scelerisque","2019-05-05 18:19:21","2019-08-14 04:36:30"),
("755316-2764","ut, nulla. Cras eu","2018-02-09 23:40:23","2018-07-23 15:29:39"),
("557027-0602","ac turpis egestas. Aliquam fringilla cursus purus.","2018-02-02 21:29:05","2018-08-01 18:16:36"),
("796070-5981","libero. Donec consectetuer mauris id sapien. Cras","2018-03-12 15:38:04","2018-11-12 19:47:20"),
("985290-2528","at pede. Cras vulputate","2018-08-12 01:01:54","2018-08-22 23:39:37"),
("459561-3607","eros","2017-11-24 04:04:37","2018-04-12 14:02:56"),
("137864-2621","Praesent eu nulla at sem molestie","2017-12-21 11:40:31","2018-03-30 09:48:26"),
("576243-0196","Suspendisse commodo","2018-03-12 02:14:54","2018-10-13 05:21:16");


INSERT INTO `arquivo_pdf` (`codmala`,`arquivo`) VALUES 
("16750607 6756","arq1"),
("16311104 1996","arq2"),
("16970230 9437","arq3"),
("16270102 6888","arq4"),
("16460304 2302","arq5"),
("16161122 2777","arq6"),
("16450708 2578","arq7"),
("16441004 0580","arq8"),
("16660708 8090","arq9"),
("16970916 6046","arq0");


INSERT INTO `cliente_juridico` (`cod`,`agencia`,`CNPJ`,`nome_fantasia`) VALUES 
("17550205195","32502760099","981311","Ac Corporation"),
("17140411122","45726444299","947555","Posuere Cubilia Curae; Limited"),
("17100712739","72598705499","783615","Nec PC"),
("17650423243","20464828799","117101","Rhoncus Donec Ltd"),
("17541015622","05310445299","022917","Ornare Incorporated");

INSERT INTO `clienteJuridico_recebe_malaDireta` (`codcliente`,`codmala`) VALUES 
("17550205195","760099"),
("17140411122","444299"),
("17100712739","705499"),
("17650423243","828799"),
("17541015622","445299"),
("17880930808","865999"),
("17200111876","256899"),
("17070207878","914499"),
("17010527049","568399"),
("17110301880","851699");

INSERT INTO `cliente_fisico` (`cod`,`agencia`,`cpf`,`tipo`) VALUES 
("17880930808","63832865999","330099","3"),
("17200111876","49774256899","440099","0"),
("17070207878","89514914499","330099","1"),
("17010527049","15922568399","770099","2"),
("17110301880","92869851699","550099","0");

INSERT INTO `clienteFisico_recebe_malaDireta`(`codcliente`, `codmala`) VALUES
("17880930808","63832865999"),
("17200111876","49774256899"),
("17070207878","89514914499"),
("17010527049","15922568399"),
("17110301880","92869851699");

INSERT INTO `passaporte` (`numero`,`pais_emissao`,`validade`,`dt_emissao`,`codcliente`) VALUES 
("161702207844","Brazil","2018-09-14 09:17:42","2024-01-09 11:02:03","17880930808"),
("169107200934","Guinea","2019-02-17 20:10:10","2021-03-22 18:08:07","17200111876"),
("165410156490","Finland","2018-01-29 20:58:21","2024-03-19 00:56:40","17070207878"),
("165408282027","Portugal","2019-08-02 22:36:01","2023-02-25 08:43:14","17010527049"),
("169904287795","Panama","2019-08-19 14:12:43","2022-07-14 09:35:37","17110301880");

INSERT INTO `visto` (`numero`,`numeroPass`,tipo,`dt_inicio`,`dt_fim`) VALUES 
("12361702207844","161702207844","Brazil",2,"2018-09-14 09:17:42","2024-01-09 11:02:03"),
("132169107200934","169107200934","Guinea",1,"2019-02-17 20:10:10","2021-03-22 18:08:07"),
("142165410156490","165410156490","Finland",0,"2018-01-29 20:58:21","2024-03-19 00:56:40"),
("152165408282027","165408282027","Portugal",1,"2019-08-02 22:36:01","2023-02-25 08:43:14"),
("162169904287795","169904287795","Panama",2,"2019-08-19 14:12:43","2022-07-14 09:35:37");
