--
-- Script was generated by Devart dbForge Data Generator for MySQL, Version 2.1.11.0
-- Product Home Page: http://www.devart.com/dbforge/mysql/data-generator
-- Script date 13/07/2018 03:19:57
-- Target server version: 5.5.5-10.1.33-MariaDB
-- Target connection string: User Id=root;Host=localhost;Database=agencia;Character Set=utf8
--



SET NAMES 'utf8';
USE agencia;
--
-- Delete data from the table 'visto'
--
TRUNCATE TABLE visto;
--
-- Delete data from the table 'transporte'
--
TRUNCATE TABLE transporte;
--
-- Delete data from the table 'servico_proprio'
--
TRUNCATE TABLE servico_proprio;
--
-- Delete data from the table 'promocao'
--
TRUNCATE TABLE promocao;
--
-- Delete data from the table 'pagamento'
--
TRUNCATE TABLE pagamento;
--
-- Delete data from the table 'oferece'
--
TRUNCATE TABLE oferece;
--
-- Delete data from the table 'motorista_trabalha_para'
--
TRUNCATE TABLE motorista_trabalha_para;
--
-- Delete data from the table 'mapa_arquivo'
--
TRUNCATE TABLE mapa_arquivo;
--
-- Delete data from the table 'itens_fatura'
--
TRUNCATE TABLE itens_fatura;
--
-- Delete data from the table 'intercambio'
--
TRUNCATE TABLE intercambio;
--
-- Delete data from the table 'guia_trabalha_para'
--
TRUNCATE TABLE guia_trabalha_para;
--
-- Delete data from the table 'gerente_trabalha_para'
--
TRUNCATE TABLE gerente_trabalha_para;
--
-- Delete data from the table 'evento'
--
TRUNCATE TABLE evento;
--
-- Delete data from the table 'clientejuridico_recebe_maladireta'
--
TRUNCATE TABLE clientejuridico_recebe_maladireta;
--
-- Delete data from the table 'clientejuridico_compra'
--
TRUNCATE TABLE clientejuridico_compra;
--
-- Delete data from the table 'clientefisico_recebe_maladireta'
--
TRUNCATE TABLE clientefisico_recebe_maladireta;
--
-- Delete data from the table 'clientefisico_compra'
--
TRUNCATE TABLE clientefisico_compra;
--
-- Delete data from the table 'arquivo_pdf'
--
TRUNCATE TABLE arquivo_pdf;
--
-- Delete data from the table 'agente_trabalha_para'
--
TRUNCATE TABLE agente_trabalha_para;
--
-- Delete data from the table 'acomodacao'
--
TRUNCATE TABLE acomodacao;
--
-- Delete data from the table 'servico_parceiro'
--
DELETE FROM servico_parceiro;
--
-- Delete data from the table 'passaporte'
--
DELETE FROM passaporte;
--
-- Delete data from the table 'motorista'
--
DELETE FROM motorista;
--
-- Delete data from the table 'item_pacote'
--
DELETE FROM item_pacote;
--
-- Delete data from the table 'guia'
--
DELETE FROM guia;
--
-- Delete data from the table 'cliente_juridico'
--
DELETE FROM cliente_juridico;
--
-- Delete data from the table 'agente'
--
DELETE FROM agente;
--
-- Delete data from the table 'cliente_fisico'
--
DELETE FROM cliente_fisico;
--
-- Delete data from the table 'agencia'
--
DELETE FROM agencia;
--
-- Delete data from the table 'gerente'
--
DELETE FROM gerente;
--
-- Delete data from the table 'servico_ref'
--
DELETE FROM servico_ref;
--
-- Delete data from the table 'pessoa'
--
DELETE FROM pessoa;
--
-- Delete data from the table 'fatura'
--
DELETE FROM fatura;
--
-- Delete data from the table 'parceiro'
--
DELETE FROM parceiro;
--
-- Delete data from the table 'pacote'
--
DELETE FROM pacote;
--
-- Delete data from the table 'nivel_servico'
--
DELETE FROM nivel_servico;
--
-- Delete data from the table 'maladireta'
--
DELETE FROM maladireta;
--
-- Delete data from the table 'endereco'
--
DELETE FROM endereco;

--
-- Inserting data into table endereco
--
INSERT INTO endereco(cep, estado, logradouro, predio, complemento, cidade) VALUES
('26523-4073', 'UT', '5 Artillery Row', 'Suite', 'Arch 1', 'Pilot Butte'),
('91429-7541', 'ME', '32-48 Redchurch Street', 'Office', 'Suite 73', 'Carstairs'),
('30263-6168', 'VA', '3 St Mark''s Road', 'Upper', 'Suite 4', 'Warden'),
('76055-2767', 'MN', '1 Jamestown Road', 'Side', 'Flats 1-6', 'Saint-Ferdinand'),
('63753-5219', 'ID', '2-8 Tollington Way', 'Rear', 'Flat 51', 'Pilot Mound'),
('51723-9045', 'IA', '9C Wood End Road', 'Department', 'Railway Arch 40', 'St-Joseph-de-la-Rive'),
('47901-6725', 'DE', NULL, 'Building', 'Flat 4', 'Harewood'),
('99320-3879', 'MN', '2 Sydenham Hill', 'Trailer', 'Railway Arch 58', 'Zenon Park'),
('13068-7084', 'WY', '50B Court Road', 'Floor', NULL, 'Elfros'),
('11700-6979', 'MT', '4-9 Old Compton Street', 'Suite', 'Flat 28', 'Balgonie'),
('05224-4507', NULL, '25-38 Saffron Hill', 'Trailer', 'Arch 4', 'Saint-Hubert'),
('25133-1525', 'MN', '21-59 Nine Elms Lane', 'Building', 'Railway Arch 3', 'Notre-Dame-de-la-Pai'),
('93829-4388', 'AR', '25-39 Bishops Way', 'Space', 'Railway Arch 1', 'Cartier'),
('81619-2795', 'WI', '8A Abbey Mews', 'Basement', 'Railway Arch 2', 'Wardsville'),
('54191-2163', 'NJ', '3-8 North Gower Street', 'Trailer', 'Unit 34-49, Level 1', 'Mahone Bay'),
('70785-0477', 'NE', '5 Abercorn Crescent', NULL, 'Arch 20', 'Pinawa'),
('77214-3978', 'MD', '3 Woodham Court', 'Front', 'Railway Arch 69', 'St-Joseph-de-Sorel'),
('41032-9050', 'FL', '42-58 Greenwood Place', 'Apartment', 'Suite 24', 'Warkworth'),
('08744-0316', 'NJ', '9D Ashness Road', 'Lower', 'Railway Arch 8', 'Notre-Dame-de-la-Sal'),
('97204-7547', 'PA', '5 Sidney Place', 'Building', 'Railway Arch 5', 'Saint-Hyacinthe'),
('65973-3641', 'NM', '1 Abercorn Crescent', 'Hangar', 'Unit 35-49, Level 1', 'St-Jovite'),
('04700-4345', 'MO', '33-56 Stafford Street', 'Building', NULL, 'Warman'),
('37807-8175', NULL, '2-7 Garrick Street', 'Front', 'Railway Arch 85', 'Pincher Creek'),
('97102-3017', 'AK', '5-9 Aberconway Road', 'Room', 'Unit B5', 'Balmertown'),
('01617-3452', 'KY', '12-28 Clarence Road', 'Rear', 'Railway Arch 52', 'Harrietsville'),
('45819-1103', 'CA', '6 Lower Road', 'Rear', NULL, 'Saint-Michel-des-Sai'),
('51140-1923', 'AZ', NULL, 'Office', 'Flats 1-6', 'Pincourt'),
('05743-8499', 'CO', '5-7 Victoria Street', 'Rear', 'Railway Arch 63C', 'Cartwright'),
('85430-8904', 'FL', '71 Alder Road', 'Trailer', NULL, 'Salaberry-de-Valleyf'),
('08720-3255', 'HI', '6 A-C Abyssinia Close', 'Department', 'Railway Arch 7', 'Balmoral'),
('40045-9317', 'SC', '32-27 Aberconway Road', 'Office', 'Railway Arch 7', 'Elgin'),
('99021-3579', 'WI', '56 Tollington Way', 'Office', 'Railway Arch 8', 'St-Jude'),
('17408-1497', 'NM', NULL, 'Pier', 'Railway Arch 5A', 'Harrington Harbour'),
('33122-5391', NULL, NULL, 'Basement', 'Railway Arch 5', 'Warner'),
('54104-8543', 'CA', '13-37 Shelton Street', 'Building', 'Suite 99', 'Casselman'),
('65405-2706', 'FL', NULL, 'Lobby', NULL, 'St-Just-de-Bretenier'),
('18735-1651', 'NY', '3-8 Silver Street', 'Lobby', 'Flats 4-8', 'Warren'),
('08532-7596', 'WI', '9C Greek Street', 'Floor', NULL, 'Elie'),
('21721-1717', 'MA', '5 Abbotsbury Road', NULL, 'Suite 65', 'Pine Dock'),
('32740-3780', 'IN', '35-36 Albermarle Street', 'Building', 'Railway Arch 4', 'Baltimore'),
('73740-6495', 'VT', NULL, 'Lot', 'Railway Arch 59B', 'Cassiar'),
('52983-1763', 'TX', '13 A-B Argyle Square', 'Hangar', NULL, 'Maidstone'),
('21938-7758', 'MN', '52-48 Albemarle Street', 'Basement', 'Unit 2, Block C', 'Notre-Dame-de-Stanbr'),
('00728-4669', 'WI', '4-8 Dudley Road', 'Hangar', NULL, 'St-Lambert'),
('40259-9020', 'WY', '1-7 Stable Street', 'Apartment', NULL, 'Harris'),
('45542-5594', 'MD', '9 Edinburgh Road', 'Penthouse', 'Railway Arch 94', 'Main Brook'),
('44238-0456', 'IA', '22 Belsize Road', NULL, 'Railway Arch 61', 'Notre-Dame-du-Bon-Co'),
('55221-0836', 'NV', '9 Torriano Avenue', 'Trailer', 'Arch 7', 'Bamfield'),
('23050-7749', 'DE', '4-7 High Street', 'Basement', 'Arch 6', 'Maitland'),
('73222-0871', 'AK', '3-8 Salisbury Road', NULL, 'Flats 3-6', 'Warspite');

--
-- Inserting data into table maladireta
--
INSERT INTO maladireta(codigo, texto, dt_criacao, dt_envio) VALUES
(4536185, NULL, NULL, '1970-01-25'),
(9731450, 'XA81WI0Q970XC08PNPFNV0PX4NL72', '1980-02-28', NULL),
(8731453, NULL, NULL, '2008-09-08'),
(5536186, '77C5B19CIB7AY6FJ62G7DQUX0', '2008-02-21', '1972-05-18'),
(493219, 'TG98AR8RFY2713Q56W2Q7PG3217TML5FT06FJ9E6741OX371KC7ON5', '1970-01-23', NULL),
(1493220, '94X89KK65898963NLSR6NH56VPNT0RSI8Z89097CQ3QI8YQ5034N39272VDV', '2007-11-07', '1994-02-02'),
(4536186, '5194DGSV34K', '1970-01-05', '1998-04-18'),
(7284262, 'W757ESOIW48OL140XLMX77RC1D1X1O', '1984-12-24', '1970-03-31'),
(5536187, '38ISXA9PF1OO3FG6M37N5B6LXQYV', '1972-08-17', NULL),
(6284262, '01D8UPS8P4RL02KP34PX037H026VS60D', '1970-11-19', NULL),
(493220, '0T34J4HH5WFHRQUS15634UY57UD45HMR78', '2000-06-24', '1970-03-29'),
(1493221, '0', '2017-04-06', '1970-01-09'),
(2892114, 'EX26Z3BY', '2006-11-20', '1970-01-01'),
(493221, '07DI2SW79TW3W018NB5707HWE1GLCT1EY9B', '1970-01-10', '1984-04-04'),
(4536187, NULL, NULL, '1970-01-18'),
(5536188, 'UF', '1988-04-21', '1972-02-14'),
(1493222, 'H0FZ51998G71K878WJ', '1978-08-29', '1970-03-23'),
(4536188, '2P0VUL17R', '1992-01-12', '1970-03-05'),
(493222, 'U5375NI9F0P9', '1990-11-13', '1998-03-17'),
(7284263, '5418D2Z9VD1WDWE125QNK4KEK6B9Z', '1997-07-13', '1990-05-06'),
(9731451, 'C77', '2014-08-07', '1996-02-03'),
(6284263, 'X0UNA9XXA', '1980-01-12', '1991-10-12'),
(5536189, 'GB7AI29BA1TQ4SKP45PV', '1986-10-30', '2011-08-20'),
(1493223, '434PI9Q6780HLV0MABCD43O29', '1970-11-22', '1996-10-10'),
(3892115, 'QCN291A92NPU2C5187NMVL558R271V6U175A3GF7USEQP17498W7C74K', '2009-03-23', '2005-09-29'),
(7284264, 'J6N091DV2101VJ8YWFP', '2009-01-19', '1970-08-15'),
(4536189, '69N46RBGGSVSV26SNQ7R', '1970-01-08', '2015-04-22'),
(2892115, NULL, NULL, '1985-11-18'),
(493223, 'C9', '1980-09-14', '1970-01-06'),
(1493224, '4Z69', '1972-11-30', '1970-09-30'),
(3892116, 'X', '1989-05-04', '1995-01-28'),
(5536190, NULL, NULL, '1970-03-08'),
(8731454, '0I6Y3HI5S2XK512IGRYGXH', '1971-03-17', '1999-06-28'),
(4536190, NULL, NULL, '1970-04-10'),
(2892116, 'GYY702WO973NKYDLR8UHU069IW65R230L83F', '1983-03-10', NULL),
(9731452, '3DFK87N85Y8Z0', '1987-03-11', '2001-06-18'),
(5536191, '3A498180BLF65T28XGY8', '1970-01-08', '1991-08-30'),
(6284264, 'Y0P6P6203O9I46C5386CE', '1986-07-29', '1970-11-23'),
(4536191, NULL, NULL, '1970-01-08'),
(7284265, 'J34T4BM27CVEIY', '1987-03-27', '1970-01-03'),
(8731455, 'X8K87B9B0FU5T6YVPSE02415UHM8EJ29', '1983-05-20', '1988-03-28'),
(9731453, 'L910HMJ14N2', '1970-01-03', '2007-07-04'),
(6284265, NULL, NULL, '2008-03-08'),
(493224, '65MY410', '2014-03-04', '1992-04-10'),
(8731456, 'OH1O30V2P6519U61AJYJKI7U3MH646Z34', '1981-06-09', '2017-08-30'),
(5536192, 'NODC177ODKY870', '1980-12-16', '2018-04-29'),
(9731454, 'UA4', '1975-03-09', '1980-10-23'),
(1493225, 'A6', '2002-05-08', '2017-07-29'),
(493225, '8II51WQ4D4', '1970-09-20', '1996-07-05'),
(1493226, 'KT27V8I9YO0QG4M54DWOSX36', '1970-02-01', '1985-03-24');

--
-- Inserting data into table nivel_servico
--
INSERT INTO nivel_servico(codigo, nivel, descr) VALUES
(788924237, -960770787, NULL),
(574175872, -1688451208, '33V13CZ41U6E20XL8RUR31QKJ419ZN9OUXBSG5LIJDQP180NLB91S05S4OBBY'),
(879449946, -1209556718, '8RW2NNT3ECSEQPQ765OH168WR1KP9E1C0CVL7'),
(2102038423, -1431985427, '979T522OJ514OXSG4'),
(1094198312, -1212835018, '49V7K5U14WP'),
(147784832, -290650586, 'WUTDK7O6Q13'),
(1524413050, -1177793687, '4LYFO957819NEJ1LT4GP1498L36VY1M81W11N2XSS83318V9'),
(362533198, -20, 'RSF04J843W5ED66RD9B79PO16UM17XS3Z72JAK'),
(788924238, -1676269008, NULL),
(879449947, -475616191, '1K3TF60EI0WRE4255JE3OV922'),
(1094198313, 0, 'F1IC'),
(1887290062, -2074572478, '602C5J94K7V'),
(1309664685, -610527497, '8NRH7BJQ6W48P754J682XTKC0QNF9OZ345C803G5YW83220953'),
(2102038424, -1599683095, 'V40WGKCG30TZ48P44UX06VV8K4D0279B8R83E9NJ3MJ2GNCYQ'),
(1887290063, -1593781838, 'ZE6DH6MI6P2YNGEZAK950J492BJ271Y4'),
(2147483647, -1531223154, 'E05QG996TCBNYC0RU22H3J05YVFI9B3911HJW7Z2'),
(1524413051, -1422077268, '2H23OTS8TYZ0'),
(147784833, 2, '68GRBU46U3J8Z92K48OHRG87'),
(1309664686, -932656654, 'WH7'),
(1524413052, -128, '685C19491X98Q746C69E6A4I9W54A7312BVN679IEET0NI2EOS5EWE6Y2HA4PZEL'),
(362533199, -51641641, 'S1792YQSC65MRU03H5X677G7ZK37Z7ZNF20A153K0N4D975D8N588I22S26741U'),
(147784834, -23401252, '2ZO20FCIPPP4FQ8KM1V8AN0G4U60BI24YVO5QJUTT'),
(362533200, NULL, 'Z17DB3JB42SG0HQ19C5Y516G9Y9L01'),
(879449948, -678824913, '0SK9HHGJEYW5K76FN'),
(574175873, -799355610, '69FZ2'),
(788924239, -2, 'Q3'),
(574175874, -185812937, '97803330F4521OY91O540X6K8B5SSIA47'),
(1309664687, 64, 'LJDM27F7XAL'),
(788924240, -1939143590, 'NI1W4A490'),
(2102038425, NULL, '24EC29L8127S7D2SU6OJUO4K8H'),
(1524413053, -34, 'WSIQ86T84JR8MOTH0H16H14M6576OP3381384S6SJLQU'),
(1094198314, -1466522702, 'T21IN075'),
(574175875, NULL, NULL),
(147784835, -1098779406, '0394B03EQ90490R9IOOPH'),
(788924241, -231122349, NULL),
(574175876, -667174579, 'S00QZOH1650I7617M2NMM112Z67ZU1UHD5393V0349SX7R71Q14407EH684OSDZU903Q3V3IBF3Z3Z07N624DRQOB57CS1958U'),
(1309664688, -1375987770, NULL),
(788924242, 76, '8LZPF175SIZTF25Y26CK98C3T233H'),
(1887290064, -32, 'FZBPYTW8PSD4'),
(2102038426, -1566624721, 'TUEIM77CRI92NR047GX6943J8WS64V6497JX73341HKQOV93H6GV'),
(1524413054, -6277, 'FMM3F2K9000GF2CO'),
(574175877, -487385318, 'OM9K5T6ZTNM089A6T285U867737IJ5E3F54695PP545DT6A22WE'),
(879449949, -970625007, 'Q5W1W31KIC437OKOLMXH690MKSC7R09J691OWN970WA29M0188K0O3J8L8C986DD0KNLI062R9NC0365'),
(1887290065, 7, 'ML55YJ93543Y4I0Y00559IQDGO'),
(362533201, 9582, 'TY708I5I52AFKF25INVR81LW0466QHY1709944QGXYUAE024IK1ER4355JA184N82I6XI6D'),
(147784836, -749589412, '0UQ3M06AYL3C8TV284499PBXFEK639XD5W1NO67J018T83I7JI71Q8D54QAB459Z65FF5709C'),
(1094198315, 229, 'AF1'),
(362533202, 17, '1G8W'),
(147784837, NULL, '626S4XIK333N529N4X6Q23UKE0P1J40J2OW386L3VKUB3OF565BC67'),
(362533203, -1440072215, '6064L320DW1F1');

--
-- Inserting data into table pacote
--
INSERT INTO pacote(codigo, total_a_pagar, vl_total, vl_desconto, datafim, datainicio, indicadorReserva, tipo, n_criancas, n_adultos) VALUES
(27776721, -51290461.66, 51004618.5, 59200269.75, '2010-11-10', '1992-01-09', -1377505109, -407946866, NULL, -47),
(764321616, -44235717.45, 84349370.62, 7.39, '1979-04-08', '2001-11-25', -1424616133, 7, 605, 678),
(242525087, -46121848.93, 0.13, 72022917.15, '2004-02-28', '1970-02-01', 0, -1298583416, -859479288, 63),
(2147483647, NULL, 17273777.63, -69807400.73, NULL, '1999-12-13', -1154624190, -944158523, 5, -1803321646),
(27776722, -95410419.33, -8194049.86, -38947770.87, '2018-06-16', '1999-05-15', -798009410, -232347567, -658, NULL),
(242525088, 25573444.43, 65907076.14, -21460777.22, '1973-07-17', '1982-05-18', -1804909406, -1437148732, -1585614115, -2003601211),
(27776723, -7.86, 4672504.96, 1526.89, '1971-12-10', '1988-03-06', -947209521, 1526, -767, -44),
(1415171908, -47.33, -545.26, -11840960.09, '1971-04-18', '1984-12-04', -545, -1572476382, NULL, NULL),
(1828707679, 35265441.21, -452.93, 85019541.45, '1988-01-02', '1982-05-24', -452, -131373590, -555396541, 421),
(1629920274, -64555491.95, 4.22, -94401571.69, '1991-11-01', '1970-01-05', 4, -61764836, -847525714, -1759278508),
(1415171909, -64113878.69, -12035792.3, 70152600.92, '1993-04-26', '1982-03-20', -137841787, -2008918332, -732744404, NULL),
(1275997314, 94.19, -39712257.35, -8193124.89, '1970-01-10', '1983-01-28', -920238929, -1888108865, 562, -368139075),
(1629920275, -92471510.44, -71314302.54, 6969.48, '1974-03-10', '2001-06-06', -1665433419, 6969, NULL, 81),
(1061248949, 65403203.07, 83984491.46, 6.02, '2012-01-25', '1993-12-20', -1447847954, 6, -528, NULL),
(549573251, 3.41, 7.05, 84.61, '1970-01-04', '1970-01-08', 7, 84, -525, -1837531116),
(764321617, -36814935.48, -15294713.86, -34.63, '1985-10-15', '1974-07-07', -1277347054, -34, -1271645830, -720914898),
(1275997315, 63584775.29, -9.74, 97467138.68, '1985-05-06', '1970-04-06', -9, -1241244103, 882, -1892746399),
(1061248950, 219.05, 63.51, -38109446.93, '1970-01-03', '1970-01-07', 63, -1568078653, -766274211, -96665788),
(242525089, -33118707.37, 3645320.46, -9274.65, '2010-09-03', '2004-05-24', -231098246, -9274, -387086336, -4),
(1275997316, 25582844.62, -53685679.95, -91279169.03, '1970-08-07', '1971-06-23', -716765744, -1140476573, 60, -1200829216),
(549573252, 8561914.87, 85.34, 667.76, '2001-08-07', '1970-01-09', 85, 667, 220, -6297),
(1415171910, -55023121.91, 72249281.27, 53716884.73, '2005-05-15', '2005-04-16', -437970339, -1555396279, -1054488620, 7480),
(1061248951, 74648620.36, -85414902.11, 28935650.17, '1973-05-18', '1970-03-11', -1575633265, -216893045, -1974638417, -1428365309),
(2043456041, 72947682.01, 1.65, 31693537.17, '2018-07-03', '1970-01-02', 1, -514819067, -2001428282, -880197410),
(27776724, -3762.79, -19366314.81, -23181729.13, '1980-04-20', '1992-08-19', -1012009618, -455564609, -2053667043, -8),
(242525090, -44615796.52, 6.06, -48665009.04, '1996-06-20', '1970-01-07', 6, -296222881, 4, -1475652336),
(764321618, NULL, NULL, 63172215.62, NULL, NULL, NULL, -853480151, 1154, -170611721),
(1828707680, -53943022.66, NULL, -69623079.22, '1973-05-21', NULL, NULL, -1603202933, 1246, -1208350118),
(549573253, -7158.01, 79459866.35, 34221551.12, '1989-08-07', '1974-03-10', -1534955835, -1304713045, -4, -924976914),
(1275997317, 72382735.82, -55672440.45, 57295668.52, '2014-02-17', '1993-09-05', -1679576384, -362044372, -266673057, 579),
(764321619, -55357768.56, -49945400.48, -75453714.75, '2007-12-08', '1998-02-10', -416495849, -831000991, -1173662238, -1862310596),
(1061248952, 66268640.01, 64038203.92, 52437966.97, '1986-02-17', '1979-12-30', -42287154, -1472301386, -130162181, NULL),
(27776725, 59599608.1, NULL, 17347025.04, '1994-11-02', NULL, NULL, -1261013048, -39, 78),
(549573254, -98306382.22, -22912095.39, 8555339.88, '1981-05-21', '1970-11-29', -885504118, -539503373, -1900301551, NULL),
(1629920276, -61978036.4, -45870895.19, -9.67, '2007-08-14', '1982-08-03', -45733211, -9, -1480523073, -294902718),
(242525091, -578.79, 58507063.28, 53314293.46, '1971-08-02', '2017-01-09', -1429718543, -772201943, -1867453855, NULL),
(1415171911, -56283129.38, 621.2, NULL, '1985-09-16', '1970-03-04', 621, 7, -424116120, NULL),
(764321620, NULL, 62905321.42, 7.45, NULL, '2003-01-26', -1492668682, -99986348, -1647885225, -1394215907),
(1275997318, -45633786.62, -56.52, NULL, '1975-10-21', '1971-07-19', -56, -929160329, -446255035, NULL),
(27776726, 9096.7, NULL, -97906515.94, '1970-04-01', NULL, NULL, 6855, -5, NULL),
(242525092, -14648187.66, -8273.78, -73777130.32, '2013-12-01', '1992-08-26', -8273, -31087814, -774059236, -550),
(2043456042, -31991779.11, -23950540.12, 6855.55, '1980-09-28', '2009-01-07', -819412019, 391, -1476185432, -337536938),
(549573255, 989.14, -46417624.83, 75390036.35, '1970-01-10', '2001-01-28', -1585898874, -728373177, -1980121496, -84715109),
(764321621, -57547478.83, 50695835.73, 391.13, '1976-09-05', '1986-09-25', -184411091, -1449991153, -1421198821, -1369501121),
(27776727, -355.97, 41719731.02, -53717955.56, '1979-09-26', '2018-05-05', -455163352, 5075, -1728209883, -38),
(242525093, 45447527.74, -50801050.48, NULL, '2002-01-15', '2003-06-08', -1851447237, -51, -1298571044, 9008),
(549573256, 54376829.14, 23551125.59, -31869907.29, '1981-07-14', '2000-01-22', -1390692498, -713137306, 7, 6),
(1828707681, -574.02, 67338575.84, 5075.67, '1985-09-27', '1984-08-11', -1613000008, -948595869, -89, -1715706812),
(1061248953, -91108473.21, 1.78, -51.09, '1999-11-17', '1970-01-02', 1, -8, -259881153, -1703855892),
(1275997319, 26806111.19, NULL, -10124132.62, '1992-01-28', NULL, NULL, -918559819, -624052283, -1521261726);

--
-- Inserting data into table parceiro
--
INSERT INTO parceiro(CNPJ, nome_fantasia, status, tipo, ramo) VALUES
('BR927591', 'Smart Foods Group', 0, 3, 'Executive'),
('OC648433', 'South Management Corporation', 0, 1, 'Customer S'),
('BR625679', 'East Space Explore Inc.', 0, 3, 'Human Reso'),
('SL087073', 'Canadian Space Explore Corporation', 0, 4, 'Customer S'),
('BR245804', 'Federal High-Technologies Corp.', 1, 2, 'Human Reso'),
('SL385489', 'General Equipment Group', 0, 2, 'Research a'),
('SC504911', 'Pacific Electricity Group', 2, 4, 'Operations'),
('BR894258', 'North P-Mobile Group', 2, 2, 'Operations'),
('SL145531', 'Australian Space Research Co.', 2, 4, 'Research a'),
('SC698069', 'Pacific Entertainment Corporation', 0, 4, 'Manufactur'),
('SC750802', 'American Telemetrics Inc.', 0, 1, 'Executive'),
('01384505', 'General 5D Electronic Inc.', 1, 4, 'Facilities'),
('BR915359', 'American Management Inc.', 0, 3, 'Customer S'),
('SC612795', 'Australian P-Mobile Inc.', 0, 1, NULL),
('SC009823', 'Special Fossil Fuel Power Inc.', 0, 1, 'Customer S'),
('NI149447', 'Flexible Heating Group', 0, 2, 'Executive'),
('FC713043', 'Pacific High-Technologies Corporation', 1, 4, NULL),
('BR808933', 'Australian High-Technologies Group', 1, 2, NULL),
('NI183320', 'Beyond High-Technologies Corporation', 2, 2, 'Sales'),
('FC695728', 'Professional Space Research Corporation', 1, 3, 'Research a'),
('FC544166', 'First Financial Group', 0, 1, 'Human Reso'),
('OC872633', 'City Space Research Group', 0, 3, 'Sales'),
('SL174443', 'Advanced High-Technologies Corporation', 1, 1, 'Manufactur'),
('SC420154', 'Canadian Telemetrics Corporation', 0, 2, 'Research a'),
('FC344214', 'International Space Explore Corporation', 2, 3, 'Research a'),
('NI057796', 'Professional Management Corporation', 0, 2, 'Finance'),
('OC392096', 'Future M-Mobile Corporation', 2, 2, 'Executive'),
('OC203606', 'Creative High-Technologies Corporation', 1, 4, 'Informatio'),
('OC383933', 'Beyond V-Mobile Corporation', 1, 2, 'Consulting'),
('NI709327', 'National Services Corporation', 2, 4, 'Consulting'),
('SL394555', 'Home Devices Inc.', 1, 3, 'Consulting'),
('BR174800', 'Beyond 4G Wireless Inc.', 0, 2, 'Informatio'),
('01036203', 'Global Space Explore Co.', 0, 4, 'Research a'),
('FC783257', 'National Mining Corporation', 0, 3, 'Operations'),
('OC756561', 'American Investment Group', 0, 1, 'Facilities'),
('SL526716', 'Global Space Explore Corporation', 0, 1, 'Executive'),
('05769551', 'American Management Corp.', 1, 4, 'Facilities'),
('SC318419', 'Creative H-Mobile Group', 0, 2, 'Human Reso'),
('09229078', 'Special Broadcasting Corp.', 2, 4, 'Research a'),
('FC356089', 'Special Oil Group', 2, 4, 'Executive'),
('OC598205', 'Global High-Technologies Group', 1, 2, 'Informatio'),
('OC249439', 'Pacific Space Research Co.', 2, 3, 'Customer S'),
('FC506843', 'South High-Technologies Corporation', 0, 4, 'Executive'),
('09714012', 'Professional K-Mobile Corporation', 1, 3, 'Executive'),
('BR233931', 'Federal High-Technologies Group', 1, 2, 'Research a'),
('FC613483', 'Union Heating Co.', 0, 1, 'Finance'),
('FC123475', 'North Space Research Group', 0, 4, 'Operations'),
('09690766', 'American Nuclear Power Inc.', 0, 1, 'Executive'),
('SL828089', 'Special Management Group', 2, 3, 'Sales'),
('SL656722', 'City Space Explore Co.', 1, 3, 'Research a');

--
-- Inserting data into table fatura
--
INSERT INTO fatura(id, codpacote) VALUES
(1, 764321620),
(2, 1061248950),
(3, 549573251),
(4, 1629920274),
(5, 764321621),
(6, 1275997319),
(7, 1061248949),
(8, 1415171911),
(9, 242525088),
(10, 242525088),
(11, 1415171908),
(12, 1061248950),
(13, 1828707679),
(14, 549573254),
(15, 27776725),
(16, 1629920276),
(17, 1275997316),
(18, 27776726),
(19, 242525093),
(20, 27776725),
(21, 549573253),
(22, 1275997314),
(23, 1061248949),
(24, 549573254),
(25, 1629920276),
(26, 27776727),
(27, 27776724),
(28, 1275997319),
(29, 1629920274),
(30, 242525088),
(31, 1275997317),
(32, 27776725),
(33, 1275997317),
(34, 242525091),
(35, 1275997314),
(36, 764321617),
(37, 549573256),
(38, 549573254),
(39, 1629920275),
(40, 242525091),
(41, 242525089),
(42, 242525087),
(43, 1828707680),
(44, 1415171911),
(45, 1828707680),
(46, 1275997318),
(47, 549573253),
(48, 242525091),
(49, 242525091),
(50, 1629920274);

--
-- Inserting data into table pessoa
--
INSERT INTO pessoa(cod, nome, dt_nasc, sexo, fone, foto, cep, num) VALUES
(7464673, 'Endrick Lindenstrauss', '2010-11-25', 'F', '(270) 149-1744', x'004FEA395E99CACA46EC062E0B58DDB4055EFE91DE4D9019150637BC98357D4281053D9328B20372A12A3715E35E6C1D980A839FBCE9E5321F19480332D91612B61BD3D9AD04FA3EDC01020102D1B386ADEE689AB00B807756EE93A816160208701A2008FED7A0C2386B0C21024016908608DD6AEF5400F47E1A47C99EACF00484', '45542-5594', 162),
(6464673, 'Hellfried Abel', '1970-01-01', 'F', '(256) 436-1340', x'95A2091D01256A3A2C23F230783984C0C2B1801C9128D33E6EB389B1ACA904765DC214410F41495B098829A0EA0C70A5AC91D82B80DB6A52132FECFF0108F5AFDF', '01617-3452', NULL),
(3929989, 'Tamie Kalkbrenner', '1994-10-31', 'M', '(746) 687-9070', x'0C893685EA78361C414E35F8FBC6C9420C69F608B91611E422583BF26E9A0830194E162A9E14755DB8CE27B426D36BC8D441038C143A1A3CEB6B70', '26523-4073', NULL),
(8679079, 'Basileo  Tauberg', '1992-11-11', 'M', '(881) 030-3621', x'07B499B5EF55147139B585', '51140-1923', 132),
(7464674, 'Kallistus Tausig', '1981-06-07', 'M', '(450) 897-8151', x'9BC50E1D8C4DBEA8E80570AE117BFA890447F5B3874C1B090C04099870385F88F71A2B7ECCFA', '52983-1763', NULL),
(9679077, 'Izusa Mauch', '1978-10-02', 'M', '(682) 222-1153', x'50784D54016E162902D2F3DB8C4196DC4404B245B0FC22BCE8DF6F3C12624357CCEDAF1467775E9FC7081956DF2FD186018B119B60A3F02B2C7B7DFC6279C02DE20B08F7F962ADE542DD02ACA665EBD34707142F7D63BD8FE5DD3078BEB91EA3754403', '73222-0871', 184),
(8679080, 'Raika Mauer', '2006-02-26', 'F', '(557) 147-5204', x'1A441105BCC320B37581FF5D094D481496014A98CCE3696462E2FB01A0021AE0BC043156B20D077D22B95786E30602DF3606D61C4153BE41480F7336000BAECD181703270935ED08039A3403AC16EB3D0BB9342D33D53C54A513385A6A33092F75D103268207570203AB', '05743-8499', 192),
(5613464, 'Fijara Hornschuh', '1976-03-08', 'F', '(503) 153-5675', x'E73A74DDAFE3023B098B9117420014DE112370385C9808C3F52AD8DD091F4D4F6F1A685D62B223C24BCE5305C1A0EF33555E99E9E366EC2404D1D5221EB58B5347010197', '70785-0477', 111),
(9679078, 'Myrtha icolai', '1971-04-06', 'M', '(701) 441-3016', NULL, NULL, 11),
(2929989, 'Hruodolf bermeyer', '2002-09-12', 'F', '(827) 096-8444', x'477AB0BCF444CA01C4A8828AE90E10093ABEB55232D4600300B7E0F1D145DA6C457ADE0916D014273B7446BF3C3DB848EB388A88A4AB9D0D3F85C8833ADEFC4D277378081B8F020AE804E8419623399A42BC9953CE3D2BC479', '97204-7547', 19),
(8679081, 'Marlies Hielscher', '2014-07-05', 'F', '(299) 443-4163', x'F52709C314E8147DAD781602CE3A9C66557FF42F8E3913494CA4291C0601B427E95F3E0131392A42A295961B8819862E414E5500FF26BAD9C2F46384BE7402F82D140581C547EDE2CB51489EDC663DDA313C05EF2425AAB2A12722DB0202E0DC02142A08C7F5EADF34230F007B1B4331F2360B5A8E79E12254009102DD2B7DD98CAF248EE0017F8404E41834ADE6C7034201A8E349C1C00B202854E0AE1B63', '44238-0456', 193),
(4613464, 'Bernger Loos', '1970-01-07', 'F', '(924) 030-0197', NULL, NULL, 86),
(848398, 'Lunas Hirschmann', '1972-02-17', 'M', '(499) 824-5271', x'8E160B47DDDF37935B139365AAC81766062D37A46804A04307024A631AEE20F92880EDB858DDEF64908A56F9F508B40496952814B42ACDE06DAA67010347AD596BA71F54A8290C0EFE2F3550AF4D65DA0662BCA5EB1C5F4302029A163A4E4D0399304BC966A8377008ECFBD3B4F802C291936A7695FF9377132F46F5AEDDBF6943739107DF29ADAA682FE91FE6A6F7FECFCAC616E700', '47901-6725', 194),
(6464674, 'Aleida  Feigenbaum', '1980-01-04', 'M', '(181) 014-7106', x'614F', '63753-5219', 58),
(1848399, 'Xaveria Tischler', '1984-07-21', 'F', '(678) 121-8974', x'A9051B0161374A4076B685E65671171F6195594A1C02645E4E066F0123BC09F63A2C4F023F4E40B04070C0417C02E7F9', '73740-6495', 27),
(7464675, 'Farald Wegener', '1970-01-09', 'M', '(143) 621-7705', x'829D0BD2EA56F84DA6F88D7AA4F6926F14853F420A06F905C34109602BDCF39F5CD6589A12B1FF153C6B2E497534CE15F2', '45819-1103', 18),
(3929990, 'Marei Kistler', '1986-04-16', 'M', '(156) 366-7683', x'337A02742049DED089089175EA4D7A18F7D10669054BED928DC9871AA61B010A2FE4C8F0819CF0C5D521826F215A0E85218C925946C108ECCE2FA0BE7E323A8E02579F7308FCC6557868014240044BBC9BA31129E10CFB61AF9E4E7A9EABB9', '76055-2767', 142),
(6464675, 'Eckart umpf', '1980-11-07', 'F', '(386) 779-2974', x'9EC9696A40C05F9CE4080E', '45542-5594', 193),
(7464676, 'Christfried Hirsch', '1970-05-09', 'F', '(537) 351-6100', x'ED980FBC4A1BB931608B5B3FCE8276FEFCCA85004CDB93CA2AB1B49DD07FB070C3F4B177B28F245833270BBAB0BA2503787651956D2B7936E308251C4AF72037835802', '55221-0836', 121),
(2929990, 'Smidal Manstein', '1979-11-27', 'M', '(477) 745-7221', x'07D4EFD33C4E43043C7EA190D6C0A6B302F8FFFF7165E6BAE0DA79DE46D314436D099E5D67669CD8FD060B50C504BFA0ECCD16CB8EC7DFD402872774518446791A25014980F06BED51D3766A3487474E9D6001915989002A3F0960D42C6D00C7E7BF7E31B04C4348B5F38C0719BEB4BA06F173E752639CBBE9F73639E50205DA02', '73740-6495', 133),
(3929991, 'Clarina Göring', '1977-07-31', 'F', '(268) 959-2541', x'CAAF05CD71AB17E97007ADE9F0B239CD886517DF22181A06AA61D5D4F616741DD269EC4DFC561F1063AA050085023AE6070129AAB47AC914EE43F3A6E1F6DE119FDB6C6F4411090C84E199060905B21E59D2EC01EF360C3EAD0E', '99320-3879', 35),
(6464676, 'Erentrudis Seiler', '2010-10-02', 'F', '(825) 702-2233', x'0553031E556C644F36BE014EF325BC06072F816EC703A329C046248DA16B043D0AB12C76854E3BBC927BA39A0CE2BA9B07DFB9027C44810006467C0F42830177E936051B4EB502073653E2AB6C8A089BE2128600', '55221-0836', 198),
(2929991, 'Gonzales Angst', '1970-01-03', 'F', '(791) 240-8785', x'DBBC43AF4DB383DE086E5F8FF4CBD5E3089514AFC831F2B9F985A3E4119095E3D72200FA2343CECC7060577B40020ACE', '47901-6725', 119),
(3929992, 'Avera  euner', '1970-01-04', 'F', '(679) 683-4912', x'031BAC32', '26523-4073', NULL),
(5613465, 'Dorika Kurz', '1986-08-21', 'F', '(846) 829-8765', NULL, NULL, 85),
(848399, 'Endrick Klassen', '1998-07-13', 'M', '(938) 903-2011', NULL, NULL, NULL),
(4613465, 'Elisann reuss', '1991-12-28', 'F', '(299) 565-2653', x'C315E2E065051640E22E06C24273652B9A8EA7AB4DFF09035D40A8D3C8A124D8838ADB992E1EBEA25F0003DB8CE75DB803C3B176537D0A26A4F0262D2C5428C698EAFE04E45AB38E04512D', '08720-3255', 19),
(5613466, 'Herle Bongard', '1970-01-07', 'F', '(946) 960-6837', x'1CF25F4DB7528F1E0FF9267BB7581B90029837ADE104326703CE70DFFBACBDC11C30EE073A8F00FD89E13394CF7656C911240737DA', '23050-7749', 40),
(1848400, 'Zyriak Totleben', '1979-07-04', 'M', '(288) 336-6548', x'9F38BBDF18AFAFC7D56E5CC6DB6BC80407A7F03E76AFAE60623140057DCBF332E926276425BCE5F832009B86714358E6739DEE7DE9966E389DB35DEB0EB66746032B27B209E5D780D497EC8DB016090D8231D8FBBC7DB6C0F6047E501B3EDA3D4D52FE779EB503070249257496FDF2F4C4B0BCC1C93D3B01537CDF595511638F5542DC519FD330E98903C204423BEA341B01C75D5B206C2CDA0966414033F41CE238B24F5E365D84963E507AD000', '81619-2795', 29),
(2929992, 'Kristiane Dahrendorf', '1986-05-27', 'M', '(904) 899-4639', x'7728D15E431892B763E5D52F6103460EC9940F3EA23B6311ACB8B9264D4C01E35DD73D549817A73F8D3E030E459E46AC27', '01617-3452', NULL),
(3929993, 'Bernhardin Schwarz', '1985-08-26', 'F', '(865) 714-7471', x'5373168345519847FF0A3396EA442DE90409193C6F4CB62A53D126BC581F6023434A4915A23FC81FCBE0FA5E101B0201F7BE4889DA05CB01FF020F4BE0302AE89F0C46EA29DEFD75C72228B342C20C28E4DF166FDCDC05553DF1F5C3E307B284D3EB580EA1EB9D16F795190E8BF407', '51723-9045', 118),
(4613466, 'Thede bermaier', '1993-08-19', 'M', '(963) 939-9616', x'763013922FDF6E625F187DB206C11097B2263DAF01', '18735-1651', 107),
(9679079, 'Wigald Unger', '1995-02-24', 'M', '(569) 828-1149', x'28B59248D07901D1F3FFCDBB37070DE3AA1B40F4788FF80EB6A2B0593B46899C835507BFEAAC762C0160BB5E0E73058FE85148EEA186867B922A086725F422859289CD0C0305C4B8397616EF8094B25E74761F082D200F03B11E612D1FB36D8D34D72DC002E6153F06492D936C0381B5F226D1012890B40ED3B326E20432491CE37354B170BA45FE895F08590DC88E85972279E5898F5C14FBEC70D71C03AAFD3359CC3AB77294F7AD73A816AA', '05224-4507', NULL),
(5613467, 'Fredy ietzsche', '2015-02-24', 'M', '(217) 519-9066', x'B3548AC3CB030614BCB172109B562237E23E05D339670853EF9C7F4303AEE5030DFB0607BA7A98072B6A3DCB54FEA3512A74089E783596D302FBD307B1EF865C018AFF3E55782D01BB35861011080890AB24098AE50181E97C186C4694AF731302549F02177210D3450875EE8078E4F88EA8C54119C77B333EDEE30C337DB70C2ADC1403B3FD07AE7D795E03DFE566CB0054E7', '21721-1717', 177),
(8679082, 'Eduard chultz', '1986-02-14', 'M', '(308) 738-6781', x'13FC5E503351888B2DA60002617DE2270694B65B8F7702092426BF6E152905AB29F58139EB060C25D16E3D3F611CEF070698AB4C24906933B442BE11ED076A5B62E45CDB4A935D071E091D06247B401F6443EBA0FE32639670002B09786259083887B5DE523E1ADE700904A32D002D822457312A7DFFDD6F7EB3FC227C53B43955C2F301E6CD01A5AEA2130B', '05224-4507', 120),
(4613467, 'Lysira Kraus', '1970-07-21', 'M', '(239) 714-4150', x'C2EB3F36E4960E076AEEDD57E002A42C29105D041464D34AFE5AFC806D025520674F8B68AFB2DF650EB6862FEADF3CC2E76265A2F50DCE417681B0FEE5B9893778A109020769B3D3D4AFD8BA1BF61145F6057C740425D1AA4359B38101E2C6B1361382056473500702C4000D11977AE6E40C1BFD259A1126796506ECFE210607C6C8E726E6A489098D9023DF1F60E802B40A936860A51D6E4CAA0593075C27805C67', '54104-8543', 64),
(848400, 'Selachnitan Adler', '1972-03-27', 'F', '(844) 812-5064', x'07A076771AAFE0060886C69613D184690CC9FC450FF6B7FD0761CA61090FCE05FB93CB3D109707D8890102C5A54164', '08720-3255', NULL),
(1848401, 'Alicandra  Honigmann', '2011-10-21', 'M', '(209) 263-3561', x'0F8745495DDA3588D72D7114296F0C55045F92AA73D7C054CE366DBA00FC091F3DA8C7ABC65F21AEFD1E799DE4F98FAA053C7F0E3A054D6D59023B912846EDAC704044B759F0907D9A043F738F56AD1006D5E900A04D', '08532-7596', 40),
(7464677, 'Priska Koch', '1994-12-15', 'F', '(658) 904-6856', x'09B9B8B93BD6ED7A84F5455D9070ED26A38AB83CAACBF74E22BE87140D85B2AE050A076560E75DBCD202AC1B0B3D76BE05FD9476334A5B03CD7F076E43B5D0D1462151ADA4AF43E52AD4993355A2BE6E9135F0E75C981D8247564EB11ED301CB34B97BCE0507B14A109701803708DC8F8F3D2C5B9C1C85005BE2078A1549D2F040050FB725CD1A9479A01D0F0DA76D096318439722037B2ED00505700AA989F668009FEE76706803204BFA6C4F4DA9FF1F9E38A79268FA260536CFAD6C9D2C1BAD570FFF6D', '26523-4073', 94),
(6464677, 'Bernfried chultz', '1988-11-09', 'F', '(148) 250-7277', x'4E5E3B7A', '81619-2795', 20),
(2929993, 'Bartel  Zeiger', '1995-11-19', 'F', '(712) 816-7426', x'8D095BCA490121651952CD18B00FCF9801399F8879EBEB2E91976A4E6F9AD01EF75B54CB51AD6D8B9C', '65973-3641', NULL),
(848401, 'Frohmut Berens', '1977-05-24', 'F', '(874) 134-9649', x'63286570AE6D2708F37908DB44AD9A2B091B10E9064107E85BB987370587F02BEB0C2C5B059CE404806A41493B0D09D5362E342CC95AF2513BC12AC5241BCE6893E80C07F0F9199A7F4B77E6B6F5FAC4850D62BB85', '52983-1763', 175),
(3929994, 'Waltram Meier', '1982-09-24', 'M', '(217) 475-8729', x'F7FEA0C823BE428D01524FEA5D286679E38FCA57AC252049A3120068C968C561', '65405-2706', 160),
(5613468, 'Kosmea Angst', '1972-09-30', 'F', '(635) 956-6627', x'8810E504063C05118D015766AAEBB434EBE743F88F5ACC4A9236F8E824461BBC030D0648B407A91A95A6F35D520EAC680854F8294272125E98FD2F287403558BF9B30D44B99E5F7CA33EF90B674467353DA37BAB9436C4B99203AE2E927C04B4022C2C38ECF13806EE6836EF978BBD06FEF38F3C2F4A5FD2027D222433638E0B7677D4F2281162086003536D567A06A0B2E3BF134A6493E01A00D763991D4998658D56B0B62F9D85EDFB07403A884AFC', '85430-8904', 94),
(9679080, 'Wolfhard Kant', '2011-09-03', 'M', '(738) 036-4115', x'9C0950C3202BAEDBB454CE62693AED2CF409606CD44206A4360A699BE993AFABE414FF06900239EFB8E50956D60280282974EB38166B51EC464B58207B26AB03CF00BFBDEBAF8B210265572306FB9615C8A7C9518007AA960176069BF803EE4A715D6E4D81050D15230145FD212531BFA909000F4806AE49963C9149F22A5EDC128847F6830ECAAB80287C2C1360947313058409ED6308E41B38BEEFEFF2A400A01A2DCD', '97102-3017', 29),
(2929994, 'Winrik Drews', '1996-01-26', 'M', '(752) 422-1484', x'1BE44E06F5', '52983-1763', 58),
(1848402, 'Brüne chall', '2009-07-22', 'M', '(336) 201-3155', x'97B580059E0E723D05049F590F059A666354E820010C01D911E245D8A107CF5EDC66FA137A42B1A9A7E3B8087803D43548F2886A2F44A7FFC2DE54D841A6C880F09B04DFF7D37200C510096FA90811AF5BF84D52C6', '99320-3879', 143),
(8679083, 'Borchard Abel', '1984-03-22', 'F', '(270) 711-7994', x'0661083C6BBD02028A463119757B4D7D98D107CB0051FD163E49A09B00026FBAAE499D2B450200D87802364F8B9E456B47FDA803D0045AD5ADD33A091606742DCAB63099E290039BE135E2DB34A3FB173E4A2EE2A4C058B0D07670C1010A7AD20548870848BC648336C32405600388693163AEE07FCC7DA0B0E9EDC115B8F714ECC2DCFD95630F755758E015200CB794318D5D94242D273B2272D43B4F76E7ACAE796C1406414C60051D', '08720-3255', 188),
(848402, 'Eginhard chröder', '1995-07-24', 'M', '(871) 798-6971', x'319509799585E0C3EFA59D4A68D05C741D9DA6D804CCD96AE9D14C1333F591436DA838A7A7BE02F32190D7A297091E03334CDD160C1D784E7E45C4036FD87D433D62D39D2A059FC3412F690906', '33122-5391', 37),
(1848403, 'Romuald Bernhard', '2009-08-21', 'M', '(909) 536-1739', x'1AD14BA05A0575C505F51B543FC34504B2F4DC420FB74D074A990CF12096D8A655A039017A49BCB71AE0C6076F5DEA73B657704CC63C01F7CEFE3207501B39D77DCEA968AD5947DD3B204F2128031C34166209EC5A54BA00891A67C22F84FD00148650AC355AB4C8C57E041F57AD855E657D74343E340873AC9BCD3697780EBFD02B2C05656E57B9F9ECE132857C25C251D58F9FE4C857', NULL, 159);

--
-- Inserting data into table servico_ref
--
INSERT INTO servico_ref(codigo, valor, local_destino, nivel, modalidadeServico, tipoServico) VALUES
(1505474, 2698.61, 'Bongaree', 574175874, 1, 1),
(4629860, 743.67, 'Murray Bridge', 788924238, 2, 1),
(505474, 2715.14, 'Whyalla', NULL, 3, 2),
(1505475, 312.89, 'Port Macquarie', 2147483647, 4, 2),
(505475, 3973.36, 'Karratha', 362533203, 1, 2),
(8200645, 8428.16, 'Taree', 574175873, 2, 1),
(6829919, 7362.27, 'Maroochydore', 147784834, 3, 2),
(9200643, 6458.34, 'Wodonga', 879449948, 4, 2),
(7829920, 1218.12, 'Albany', 362533200, 1, 1),
(1505476, 1149.27, 'Central Coast', 788924241, 2, 1),
(2514460, 626.08, 'Katoomba', 147784835, 3, 2),
(8200646, 7130.37, 'Gawler', 362533198, 4, 2),
(3514461, 5144.02, 'Muswellbrook', 1524413050, 1, 2),
(5629861, 508.78, 'Bowral', 879449946, 2, 2),
(505476, 6765.96, 'Cessnock', 1094198313, 3, 2),
(2514461, 8302.21, 'Albury', 2102038425, 4, 1),
(1505477, 6092.73, 'Maryborough', 1309664687, 1, 1),
(9200644, 6927.7, 'Toowoomba', 1309664687, 2, 2),
(6829920, 1244.24, 'Kawana', 147784835, 3, 2),
(8200647, 1894.56, 'Port Pirie', 2102038424, 4, 1),
(4629861, 2674.51, 'Nambour', 788924240, 1, 1),
(5629862, 5835.38, 'Wollongong', 879449946, 2, 1),
(7829921, 359.73, 'Townsville', 574175874, 3, 2),
(6829921, 6848.76, 'Geelong', 147784834, 4, 1),
(3514462, 5156.82, 'Melbourne', NULL, 1, 1),
(9200645, 8632.78, 'Brisbane', 1524413052, 2, 2),
(505477, 3450.11, 'Coffs Harbour', 788924238, 3, 2),
(2514462, 3873.82, 'Rosebud', 879449949, 4, 2),
(7829922, 3913.47, 'Alice Springs', 788924242, 1, 2),
(1505478, 547.55, 'Geraldton', 147784832, 2, 2),
(3514463, 9366.53, 'Broken Hill', 788924237, 3, 2),
(505478, 4462.32, 'Portland', 2102038424, 4, 1),
(4629862, 6706.03, 'Nerang', 788924238, 1, 1),
(5629863, 622.07, 'Kempsey', 1887290062, 2, 2),
(8200648, 7647.72, 'Traralgon', NULL, 3, 2),
(6829922, 3512.67, 'Sale', 362533202, 4, 1),
(7829923, 2328.73, 'Melton', 574175875, 1, 1),
(9200646, 9063.53, 'Colac', 2102038423, 2, 2),
(2514463, 2441.75, 'Armidale', 788924239, 3, 2),
(1505479, 6992.91, 'Gladstone', 362533200, 4, 2),
(3514464, 5516.11, 'Ulverstone', 1094198312, 1, 2),
(6829923, 4767.03, 'Craigieburn', NULL, 2, 2),
(2514464, 5276.44, 'Broome', NULL, 3, 2),
(505479, 8255.15, 'Bacchus Marsh', 362533201, 4, 2),
(1505480, 6691.14, 'Queanbeyan', 574175873, 1, 1),
(4629863, 2240.28, 'Gold Coast', 574175874, 2, 1),
(3514465, 8564.47, 'Kiama', 574175875, 3, 2),
(8200649, 9145.92, 'Buderim', 879449947, 4, 1),
(505480, 1467.47, 'Newcastle', 1309664687, 1, 2),
(5629864, 4247.18, 'Bairnsdale', 362533201, 2, 1);

--
-- Inserting data into table gerente
--
INSERT INTO gerente(cpf, cod, salario, ramal) VALUES
('645316890', 1848402, 7680.88, 46),
('804055684', 9679078, 8198.9, 13),
('130778475', 6464675, 5490, 173),
('745201099', 8679079, 7929.24, 28),
('969574727', 5613466, 5137.09, 182),
('110314608', 1848403, 6337.51, 197),
('251438995', 9679080, 8471.87, 193),
('457471973', 8679083, 8415.55, 55),
('653741629', 2929994, 5168.32, 75),
('493836561', 2929991, 7583.58, 17),
('951561884', 848398, 7027.21, 49),
('251361534', 7464676, 5231.57, 135),
('459268770', 848401, 8665.92, 40),
('608710857', 6464674, 7551.96, 103),
('303718985', 2929990, 6824.54, 163),
('717602845', 848402, 6576.62, 68),
('511157999', 1848399, 6654.73, 105),
('989689035', 848400, 8848.58, 99),
('662039847', 3929994, 5235.82, 117),
('527714223', 3929991, 7627.24, 122),
('988774209', 1848400, 7383.57, 144),
('337475130', 1848401, 5585.16, 38),
('932864082', 2929989, 6697.37, 191),
('273694933', 7464675, 5487.25, 25),
('753795441', 7464674, 6832.1, 161),
('697563700', 8679081, 8183.32, 11),
('822288952', 3929992, 8262.65, 75),
('779993774', 2929992, 7029.59, 117),
('924933741', 5613465, 7891.29, 36),
('916750687', 6464676, 6244.96, 83),
('959055740', 5613468, 5241.39, 21),
('653265398', 9679077, 8820.54, 37),
('230864191', 3929993, 8548.92, 113),
('383909135', 7464677, 5808.78, 28),
('712454909', 848399, 5679.29, 191),
('823693906', 4613466, 8002.54, 74),
('287555150', 3929990, 7977.18, 180),
('719564167', 4613464, 5332.71, 175),
('417071875', 7464673, 7672.77, 77),
('414501311', 5613467, 5052.4, 138),
('859585369', 6464677, 7363.56, 27),
('031983148', 4613465, 5994.48, 23),
('162976142', 9679079, 7469.24, 87),
('815378680', 8679080, 7027.12, 99),
('690528581', 8679082, 6140.25, 115),
('842434496', 2929993, 8286.81, 152),
('816034228', 4613467, 6046.45, 81),
('725924675', 6464673, 8374.68, 138),
('686263190', 5613464, 8172.51, 113),
('879205719', 3929989, 5130.34, 56);

--
-- Inserting data into table agencia
--
INSERT INTO agencia(CNPJ, nome_fantasia, cep, num, gerentecpf, gerentecod, datainicio) VALUES
('SC275494', 'International Cars Inc.', '97102-3017', 149, '130778475', 6464675, '2005-09-25'),
('SL780473', 'Beyond 5G Wireless Co.', NULL, NULL, '932864082', 2929989, '1987-12-13'),
('SC556769', 'Beyond Renewable Energy Corporation', '65973-3641', 42, '989689035', 848400, '1983-01-15'),
('SL724206', 'Smart Space Research Inc.', '05743-8499', 166, '031983148', 4613465, '1995-08-13'),
('OC080444', 'First High-Technologies Group', '33122-5391', 125, '527714223', 3929991, '2014-05-31'),
('NI930672', 'South E-Mobile Corporation', NULL, NULL, '842434496', 2929993, '1995-02-25'),
('SL339508', 'Canadian Space Research Corp.', '93829-4388', 83, '916750687', 6464676, '2012-05-21'),
('SC988412', 'Advanced Entertainment Corp.', '21721-1717', 90, '989689035', 848400, '2005-12-01'),
('BR618280', 'WorldWide Green Energy Corporation', '25133-1525', 37, '662039847', 3929994, '2005-09-16'),
('05733322', 'Canadian High-Technologies Corporation', '97204-7547', 37, '816034228', 4613467, '2001-11-06'),
('OC979504', 'General D-Mobile Corp.', '99320-3879', 58, '417071875', 7464673, '1970-01-07'),
('BR014398', 'North High-Technologies Corporation', '76055-2767', 150, '130778475', 6464675, '2001-10-05'),
('09364126', 'Professional Electricity Corporation', NULL, NULL, '822288952', 3929992, '2003-11-18'),
('SL757619', NULL, '51140-1923', 172, '951561884', 848398, '2015-09-18'),
('NI555455', 'Home Consulting Group', '85430-8904', 18, '493836561', 2929991, '1988-04-11'),
('BR990062', 'General Space Explore Co.', '17408-1497', 100, '662039847', 3929994, '1970-09-09'),
('OC973419', 'Advanced Trust Group', '45819-1103', 60, '804055684', 9679078, '1984-03-09'),
('SL659836', 'Global Telecommunications Corporation', '08532-7596', 108, '383909135', 7464677, '1979-12-11'),
('OC984958', 'Advanced Management Inc.', '17408-1497', 156, '924933741', 5613465, '1976-09-01'),
('08814494', 'Flexible High-Technologies Co.', '93829-4388', 91, '273694933', 7464675, '1977-09-24'),
('SC380123', 'Western Space Explore Corp.', '05743-8499', 200, '608710857', 6464674, '2001-04-10'),
('OC806253', 'Smart Entertainment Group', '91429-7541', 44, '493836561', 2929991, '1988-01-14'),
('SL508760', 'Australian Entertainment Corporation', '65405-2706', 82, '230864191', 3929993, '2017-03-29'),
('BR255405', 'First Broadcasting Group', '44238-0456', 160, '251361534', 7464676, '1972-05-17'),
('NI249649', 'Beyond Engineering Group', NULL, NULL, '303718985', 2929990, '1970-01-07'),
('BR062944', 'Pacific Space Research Corporation', NULL, NULL, '383909135', 7464677, '1970-02-19'),
('FC755232', 'General C-Mobile Corporation', '73740-6495', 17, '653265398', 9679077, '1999-12-25'),
('BR550170', 'Beyond Trust Co.', '47901-6725', 33, '527714223', 3929991, '1998-05-05'),
('SL826151', 'Special High-Technologies Inc.', '47901-6725', 77, '383909135', 7464677, '1984-06-29'),
('FC000200', 'American Foods Corp.', '25133-1525', 102, '823693906', 4613466, '1970-01-12'),
('NI022057', 'Canadian Space Research Corporation', '54191-2163', 145, '969574727', 5613466, '1995-05-06'),
('09864172', 'Union Space Explore Inc.', '11700-6979', 70, '717602845', 848402, '2018-01-21'),
('SL634043', 'Advanced J-Mobile Group', '17408-1497', 44, '457471973', 8679083, '1979-10-02'),
('OC300279', NULL, '54104-8543', 110, '815378680', 8679080, '2011-11-30'),
('FC635449', 'General Space Explore Group', '00728-4669', 122, '493836561', 2929991, '1970-10-02'),
('SC564768', 'Special Systems Inc.', '51723-9045', 49, '337475130', 1848401, '1972-06-15'),
('BR322771', 'WorldWide Goods Inc.', '21721-1717', 55, '645316890', 1848402, '1975-06-05'),
('02710648', 'Pacific Cars Battery Corporation', '23050-7749', 47, '859585369', 6464677, '1990-09-11'),
('SL614821', 'WorldWide Space Research Group', '55221-0836', 49, '459268770', 848401, '1996-03-17'),
('SL821634', 'International F-Mobile Corporation', '51723-9045', 16, '859585369', 6464677, '1976-07-06'),
('FC270113', 'City Equipment Corporation', '41032-9050', 19, '969574727', 5613466, '2011-10-29'),
('SL139257', 'National Space Explore Corporation', '51140-1923', 162, '916750687', 6464676, '1970-03-03'),
('OC321519', 'Union Foods Co.', '37807-8175', 52, '130778475', 6464675, '2010-07-06'),
('NI462025', 'International Q-Mobile Corporation', '32740-3780', 144, '815378680', 8679080, '2008-09-04'),
('SC672306', 'WorldWide J-Mobile Inc.', '54191-2163', NULL, '745201099', 8679079, '2003-12-15'),
('SL525071', 'Union Optics Co.', '08532-7596', 66, '753795441', 7464674, '1983-11-29'),
('SC144027', 'City Wave Energy Inc.', '23050-7749', 136, '383909135', 7464677, '2017-01-27'),
('BR200859', 'Domestic Space Research Corporation', '73740-6495', 143, '823693906', 4613466, '2017-04-27'),
('SC336785', 'Flexible Travel Co.', '77214-3978', 188, '162976142', 9679079, '2007-06-03'),
('SL777982', 'Home Natural Gas Energy Group', '04700-4345', 144, '273694933', 7464675, '2009-10-07');

--
-- Inserting data into table cliente_fisico
--
INSERT INTO cliente_fisico(cod, agencia, cpf, tipo) VALUES
(1848403, 'FC635449', '823413561', 1),
(2929994, 'OC806253', '699399820', 3),
(4613466, 'OC321519', '609527075', 1),
(7464677, 'NI930672', '258511979', 1),
(848402, 'SL780473', '629926208', 3),
(4613465, 'BR200859', '014672684', 2),
(3929989, 'NI555455', '098265773', 2),
(5613467, 'NI555455', NULL, 3),
(6464676, 'SC275494', '815873080', 1),
(1848402, 'FC270113', '473947404', 2),
(9679080, 'NI249649', '695749100', 2),
(8679083, 'NI249649', '567804238', 1),
(6464677, 'OC080444', '832802785', 1),
(3929990, 'SL780473', '609379967', 3),
(9679078, 'SL139257', '709005410', 1),
(9679079, 'SL508760', '482664495', 2),
(8679079, 'SL614821', '432315701', 1),
(5613466, 'SL780473', '423395678', 1),
(8679082, 'NI249649', '249157519', 1),
(4613464, 'SL826151', '834640928', 2),
(6464675, 'SL139257', '379423155', 1),
(848398, '09364126', '030386000', 3),
(2929989, '02710648', '780202869', 2),
(7464674, 'SC988412', '631689778', 3),
(7464676, 'OC806253', '934103033', 3),
(2929993, NULL, '790550330', 1),
(2929991, 'SC672306', '489243511', 1),
(6464674, 'SC672306', '911015032', 1),
(4613467, NULL, '965651823', 2),
(1848400, 'SL525071', '355169371', 1),
(3929992, 'SL139257', '055305680', 1),
(848401, 'SL614821', '203506911', 1),
(2929992, 'BR618280', '562083299', 2),
(5613465, 'SL614821', '949555908', 2),
(8679081, 'BR062944', '004496067', 2),
(2929990, 'SL614821', '399607310', 3),
(9679077, 'SC336785', '976084237', 2),
(1848399, 'SL821634', '488846806', 1),
(3929993, 'SL525071', '770190474', 1),
(848400, 'SL139257', '773394421', 1),
(3929991, 'SC336785', '350826261', 1),
(3929994, 'FC270113', '095048742', 3),
(7464675, 'SC564768', '880453433', 1),
(848399, 'BR255405', '925601532', 1),
(1848401, 'OC300279', '884511612', 2),
(5613468, 'BR990062', '139541464', 1),
(7464673, 'NI555455', '920733656', 2),
(8679080, NULL, '383284049', 3),
(6464673, NULL, '516035230', 2),
(5613464, NULL, '090691814', 3);

--
-- Inserting data into table agente
--
INSERT INTO agente(cpf, cod, salario, ramal) VALUES
('504400919', 1848402, 1767.95, 11),
('662638770', 9679078, 3824.71, 181),
('107235576', 6464675, 3488.21, 107),
('323831270', 8679079, 3902.86, 183),
('567097498', 5613466, 3850.04, 63),
('188553273', 1848403, 2243.38, 81),
('023710611', 9679080, 1850.77, 36),
('788140693', 8679083, 3289.22, 14),
('829293150', 2929994, 4684.64, 95),
('739178350', 2929991, 2242.88, 45),
('136325822', 848398, 4406.24, 140),
('640815066', 7464676, 1572.09, 184),
('816949334', 848401, 3662.25, 144),
('148951686', 6464674, 2053.3, 184),
('863450419', 2929990, 2009.03, 17),
('742648354', 848402, 1880.2, 190),
('957040587', 1848399, 2535.27, 143),
('426687173', 848400, 3960.51, 92),
('761780539', 3929994, 3565.06, 150),
('956583075', 3929991, 2662.21, 157),
('417984223', 1848400, NULL, NULL),
('817030308', 1848401, 4066.54, 197),
('683728810', 2929989, 2005.39, 51),
('501035876', 7464675, 2007.5, 135),
('622264201', 7464674, 4010.92, 27),
('609386608', 8679081, 3867.56, 196),
('025621405', 3929992, 3474.41, 86),
('397539967', 2929992, 3939.72, 79),
('187099710', 5613465, 4674.2, 55),
('092549843', 6464676, 3060.96, 22),
('213720865', 5613468, 3931.19, 48),
('413477282', 9679077, 1829.04, 180),
('855349426', 3929993, 2708.68, 84),
('488232510', 7464677, 2092.8, 16),
('041172145', 848399, 4216.12, 28),
('517620136', 4613466, 4111.12, 62),
('963492040', 3929990, 2059.94, 134),
('507653462', 4613464, 4944.67, 108),
('311707705', 7464673, 2256.5, 192),
('374481020', 5613467, 4832.56, 27),
('685862914', 6464677, 4601.94, 193),
('449011151', 4613465, 3246.78, 55),
('137355767', 9679079, 3251.15, 165),
('587627093', 8679080, NULL, NULL),
('923472254', 8679082, 3714.7, 61),
('576220978', 2929993, 4844.46, 163),
('776718372', 4613467, 1672.59, 91),
('957474254', 6464673, 3939.92, 169),
('194143734', 5613464, NULL, NULL),
('212612073', 3929989, 3567.89, 11);

--
-- Inserting data into table cliente_juridico
--
INSERT INTO cliente_juridico(cod, agencia, CNPJ, nome_fantasia) VALUES
(2929992, 'SL634043', 'SC303549', 'City Space Research Group'),
(6464676, 'SL659836', '09279302', 'National Equipment Co.'),
(7464677, 'SL821634', 'NI843627', 'City Computers Inc.'),
(1848402, 'NI555455', 'SL787875', 'International Electricity Group'),
(9679080, NULL, 'FC928068', NULL),
(3929990, NULL, 'BR614323', NULL),
(8679083, 'SL614821', 'FC472124', 'Western Development Inc.'),
(5613467, 'FC755232', 'SL706483', 'North 4G Wireless Corporation'),
(5613465, 'SC336785', 'BR963971', 'General Y-Mobile Co.'),
(1848403, 'BR322771', 'SC541953', 'East T-Mobile Inc.'),
(3929993, '08814494', 'SL671193', 'North J-Mobile Group'),
(7464673, 'SC556769', '02083216', 'United High-Technologies Corporation'),
(8679080, 'SL339508', 'SC616323', 'East C-Mobile Corporation'),
(6464677, '02710648', 'NI319886', 'City Telecom Inc.'),
(848399, 'FC270113', 'SC435035', 'City D-Mobile Group'),
(4613466, '09364126', '05145065', 'Western Security Group'),
(4613464, 'NI555455', NULL, 'North Fossil Fuel Power Group'),
(6464675, 'BR255405', NULL, 'Federal W-Mobile Inc.'),
(6464673, 'BR550170', 'OC802844', 'Creative E-Mobile Corporation'),
(2929994, 'SL659836', 'OC071110', 'Advanced Space Research Corp.'),
(848402, 'NI930672', 'FC431363', 'Pacific R-Mobile Corp.'),
(5613464, 'BR990062', 'OC147004', 'Canadian High-Technologies Corporation'),
(3929989, 'NI022057', 'BR541601', 'Professional D-Mobile Co.'),
(8679082, '08814494', 'BR277577', 'North High-Technologies Group'),
(9679078, 'SL826151', '07254899', 'Flexible W-Mobile Co.'),
(848398, NULL, '09489450', NULL),
(8679079, 'OC973419', 'SC524775', 'First High-Technologies Corporation'),
(2929993, 'SL139257', 'SC081283', 'United Petroleum Inc.'),
(7464676, 'SC275494', 'SC579193', 'Home Materials Group'),
(2929989, 'BR322771', 'NI306297', 'Special U-Mobile Group'),
(6464674, 'OC984958', 'FC736648', 'City Space Explore Corporation'),
(4613465, 'NI930672', 'BR723282', 'National Transport Corporation'),
(4613467, 'FC755232', 'FC744722', 'Pacific Business Group'),
(7464674, 'SC564768', 'SL428653', 'Pacific O-Mobile Group'),
(2929990, 'SC380123', NULL, 'First Space Explore Co.'),
(1848399, 'SL525071', 'SC599019', 'Pacific High-Technologies Inc.'),
(848401, 'SC380123', 'SL290372', 'Creative D-Mobile Corp.'),
(9679079, 'FC635449', '01928123', 'Global Space Research Corporation'),
(8679081, 'SL821634', 'NI929850', 'West Coast D-Mobile Inc.'),
(3929991, 'SC275494', 'SC359126', 'Creative 2D Electronic Inc.'),
(7464675, 'BR255405', 'OC925567', 'Professional Mining Corp.'),
(9679077, 'OC973419', 'BR469247', 'Smart Goods Co.'),
(5613466, 'SC564768', 'FC247172', 'Beyond High-Technologies Inc.'),
(848400, 'NI249649', 'SC113149', 'Professional Insurance Corporation'),
(2929991, NULL, NULL, NULL),
(1848400, 'FC635449', 'NI162115', 'United Optics Inc.'),
(3929994, 'NI462025', 'FC452450', 'Creative Media Group'),
(1848401, 'SL777982', 'NI785778', 'First Space Research Corp.'),
(3929992, 'OC321519', 'FC897411', 'Federal High-Technologies Corp.'),
(5613468, NULL, 'SL563291', 'West Coast Space Research Inc.');

--
-- Inserting data into table guia
--
INSERT INTO guia(cpf, cod, salario, ramal) VALUES
('649797314', 1848402, 69104018.81, -1785773906),
('199654438', 9679078, -26281306.72, -1594890154),
('529596965', 6464675, -44570203.32, -399136947),
('875965675', 8679079, 0.11, 0),
('062581607', 5613466, NULL, NULL),
('586081920', 1848403, 97899985.25, -1038493642),
('086880691', 9679080, -60538623.21, -997029369),
('268813722', 8679083, NULL, NULL),
('167885141', 2929994, -50819038.85, -468918267),
('384140268', 2929991, -74053862.32, -1839005171),
('171150413', 848398, -21.95, -21),
('900888117', 7464676, -34009714.37, -605215129),
('113684622', 848401, -15933739.39, -1074607697),
('473208173', 6464674, -53033827.97, -2073311639),
('872628013', 2929990, -86463065.14, -1346972119),
('684462209', 848402, 56324248, -199161116),
('009021904', 1848399, 84130123.22, -621267074),
('956721745', 848400, -24530109.55, -1858231397),
('326952089', 3929994, 61034950.48, -612141408),
('021696656', 3929991, -79305960.23, -152336387),
('374432974', 1848400, 55708067.6, -1240786031),
('338415794', 1848401, 97804880.54, -534398318),
('814228663', 2929989, -56869941.09, -158442055),
('951606077', 7464675, -58693313.21, -1509113728),
('067993155', 7464674, 88.99, 88),
('251033311', 8679081, 8828568.94, -617445367),
('911428616', 3929992, 87382633.93, -77743091),
('972349288', 2929992, NULL, NULL),
('162112253', 5613465, -4184027.6, -2141377980),
('686781432', 6464676, 91070286.5, -1879155951),
('865354681', 5613468, NULL, NULL),
('108792071', 9679077, 80578607.75, -824780864),
('659743955', 3929993, NULL, NULL),
('023979955', 7464677, 10400901.08, -420279701),
('803528792', 848399, -57231872.28, -357304111),
('430764560', 4613466, -9430.16, -9430),
('611983096', 3929990, -63989726.55, -885773064),
('007137140', 4613464, 521.92, 521),
('065220733', 7464673, -1.65, -1),
('493506529', 5613467, 55084577.94, -1473883620),
('633632329', 6464677, -44101973.62, -1172978724),
('119092224', 4613465, -35414134.57, -1753414380),
('363821481', 9679079, -4108289.64, -1135755359),
('053196038', 8679080, 71942493.74, -1506775277),
('168407978', 8679082, 29115187.52, -32936800),
('241497197', 2929993, -47951680.83, -2056012994),
('338182977', 4613467, -38730201.11, -765200993),
('516292154', 6464673, 978.74, 978),
('911646199', 5613464, -16044466.87, -1813687095),
('789964174', 3929989, NULL, NULL);

--
-- Inserting data into table item_pacote
--
INSERT INTO item_pacote(id_sk, codpacote, codservico, dt, vl_unitario, qtd, seq, vl_com_desconto) VALUES
(47, 549573256, 3514465, '2005-04-22', 37514583.6, -1649684307, -680126064, 45710234.39),
(9, 1828707679, 7829920, '1970-03-11', 692.34, 692, NULL, NULL),
(18, 1061248950, 9200644, '1981-10-26', 72248623.98, -826109556, -2009044290, -7540967.26),
(4, 2147483647, 1505475, '1970-11-25', -32.45, -32, NULL, NULL),
(28, 1828707680, 2514462, '2002-03-17', -8017171.44, -2114864665, NULL, NULL),
(50, 1275997319, 5629864, '1981-05-05', 11675776.82, -1852324428, NULL, NULL),
(45, 27776727, 1505480, '1985-09-24', 26908191.62, -437801463, NULL, NULL),
(48, 1828707681, 8200649, '1993-12-18', -26729558.76, -634688804, -1965288474, 27906787.42),
(46, 242525093, 4629863, '1986-05-27', -70982670.39, -546497480, -6417, -6417.79),
(23, 1061248951, 7829921, '1989-12-14', 79513652.12, -47055455, -1824326153, 41236179.02),
(13, 1629920275, 3514461, '1971-07-10', -67504410.37, -991442607, NULL, NULL),
(19, 242525089, 6829920, '1999-04-29', -50338469.75, -19690218, 48, 48.19),
(42, 2043456042, 6829923, '1972-11-30', -40135221.48, -1712380116, -1453054470, 61347370.82),
(14, 1061248949, 5629861, '1997-09-30', -64332392.84, -1774248852, NULL, NULL),
(20, 1275997316, 8200647, '1970-01-03', 26.11, 26, -1814300596, 96057873.4),
(49, 1061248953, 505480, '1992-06-11', -59225147.35, -1790729845, -711, -711.02),
(15, 549573251, 505476, '1982-06-18', 68422543.74, -526807263, -2009197736, 25842733.37),
(37, 1415171911, 7829923, NULL, NULL, NULL, NULL, NULL),
(43, 549573255, 2514464, '1985-01-30', -550.1, -550, -210241311, 36576433.55),
(21, 549573252, 4629861, '1979-12-25', -364.66, -364, -267915469, 98227901.59),
(29, 549573253, 7829922, '1970-08-24', -2.69, -2, -1655244554, -56215175.12),
(38, 764321620, 9200646, '1970-03-06', 647.51, 647, -90218918, 46415159.58),
(10, 1629920274, 1505476, '2008-10-12', -50043534.74, -1088410420, -274970287, 71862419.39),
(16, 764321617, 2514461, '1993-05-03', -852.33, -852, -1786535732, -58984077.99),
(5, 27776722, 505475, '1987-02-21', -28304628.22, -872266856, -745697179, -17743551.34),
(11, 1415171909, 2514460, '1998-05-25', -50117835.96, -1115454463, -73, -73.84),
(24, 2043456041, 6829921, '1971-02-13', -4.81, -4, -120022394, 37644932.96),
(30, 1275997317, 1505478, '1982-05-05', 87718836.82, -1282503077, -2140428830, 3034388.94),
(25, 27776724, 3514462, NULL, NULL, NULL, 9, 9.18),
(22, 1415171910, 5629862, '1970-02-14', 449.36, 449, -1833466112, 66220277.07),
(44, 764321621, 505479, '1998-01-15', 38763639.48, -688685859, -1592557939, 33877133.04),
(6, 242525088, 8200645, '2012-03-05', 8319503.21, -1725937950, -847845085, 5742934.82),
(31, 764321619, 3514463, '2010-10-12', -71348248.26, -533370780, NULL, NULL),
(39, 1275997318, 2514463, '1971-07-18', 24643185.6, -1513665099, NULL, NULL),
(26, 242525090, 9200645, '1971-08-01', 52027400.21, -174149857, -2065320973, -63401213.53),
(32, 1061248952, 505478, '1978-07-07', -38093701.48, -492277913, NULL, NULL),
(17, 1275997315, 1505477, '1970-06-26', -17.56, -17, -782, -782.49),
(12, 1275997314, 8200646, '1998-10-05', -60923932.01, -1995086532, -2003819931, -36428087.39),
(1, 27776721, 1505474, '1990-09-29', 32372446.98, -1322504408, NULL, NULL),
(34, 549573254, 5629863, NULL, NULL, NULL, 843, 843.44),
(40, 27776726, 1505479, '2000-12-09', 3775761.46, -1551788094, NULL, NULL),
(27, 764321618, 505477, '1995-12-26', -9490.77, -9490, -767853542, -61805322.99),
(33, 27776725, 4629862, NULL, NULL, NULL, -1079, -1079.11),
(7, 27776723, 6829919, NULL, NULL, NULL, 4, 4.57),
(35, 1629920276, 8200648, '1997-12-12', -44583473.74, -685703585, 6, 6.14),
(41, 242525092, 3514464, '1970-01-09', 8.45, 8, -741, -741.2),
(36, 242525091, 6829922, '1970-03-24', 8223.73, 8223, -1499210292, 6334194.56),
(2, 764321616, 4629860, '1996-06-09', -10874376.86, -1564841578, -522984686, -67381910.58),
(8, 1415171908, 9200643, '1986-09-16', -610.7, -610, -1331840282, 64511715.4),
(3, 242525087, 505474, '1977-10-21', 10941963.74, -1301362030, -673106630, -92116067.11);

--
-- Inserting data into table motorista
--
INSERT INTO motorista(cpf, cod, salario, ramal) VALUES
('14', 1848402, 82594053.28, -1513594708),
('0N', 9679078, NULL, NULL),
('8VI', 6464675, -87553889.85, -1481374140),
('0', 8679079, 90892469.92, -1500222778),
('T1R', 5613466, -37360568.53, -1895659471),
('J7', 1848403, -58300152.88, -1235640934),
('2E', 9679080, -56603210.82, -2092422422),
('9J0', 8679083, -41716056, -535925153),
('88', 2929994, -1485130.27, -619371279),
('X8M1EN82T', 2929991, 83779854.81, -1132074547),
('WP45R13', 848398, 914.96, 914),
('K', 7464676, -75835414.56, -1555284004),
('8W54E', 848401, 122.53, 122),
('7', 6464674, 87940631.22, -2077788113),
('66Z8', 2929990, 4077711.23, -1201852941),
('27X0WS99A', 848402, -51237606.06, -542045897),
('7TI7I', 1848399, 531717.39, -108410235),
('RO', 848400, -350.11, -350),
('5S36', 3929994, 57612730.11, -1706074963),
('D98S', 3929991, NULL, NULL),
('N', 1848400, 95099199.47, -1853908224),
('1', 1848401, -2306076.53, -1718990195),
('6U', 2929989, NULL, NULL),
('6', 7464675, 53144564.18, -1969377879),
('2RL9XD8T', 7464674, -5620851.23, -796168375),
('5', 8679081, -78798891.85, -912582346),
('3NU4I5', 3929992, -87347027.94, -1660957754),
('4V0', 2929992, 44042158.45, -412825761),
('T', 5613465, 23856511.96, -1737096550),
('D84E9Q9Y4', 6464676, 15153685.36, -1030275024),
('6AWP4W0X8', 5613468, -84799337.85, -552590854),
('HE', 9679077, NULL, NULL),
('HI', 3929993, -1.44, -1),
('PE', 7464677, -83927359.52, -383342615),
('8', 848399, 6369.84, 6369),
('46', 4613466, -63211327.99, -988818403),
('WE0NP', 3929990, 93813341.77, -2118902111),
('U01', 4613464, 602.75, 602),
('8WVPO7', 7464673, 80104189.39, -717277686),
('ML36A9486', 5613467, 82800423.56, -1984146622),
('P', 6464677, -82528760.6, -414918257),
('UH5', 4613465, 13202288.6, -4195271),
('15', 9679079, -89416307.5, -625199153),
('2W', 8679080, -855.17, -855),
('2', 8679082, -86313551.6, -30668413),
('47', 2929993, -96545074.51, -134234453),
('2OV0OY7', 4613467, -92.64, -92),
('P0', 6464673, NULL, NULL),
('247Z', 5613464, 86778494.97, -1208990803),
('8M91Q82G', 3929989, -36262948.02, -535546926);

--
-- Inserting data into table passaporte
--
INSERT INTO passaporte(numero, codcliente, pais_emissao, validade, dt_emissao) VALUES
('82968', 7464673, 'United Kingdom', '1996-03-16', '1979-06-09'),
('88209', 6464676, 'Botswana', '1991-04-08', '1994-12-28'),
('88754', 5613466, 'Namibia', '1980-06-23', '1970-01-09'),
('98620', 7464677, 'Zimbabwe', '2001-06-28', '1975-01-08'),
('22798', 6464674, 'Jordan', '2012-02-22', '1996-12-02'),
('90456', 5613464, 'Uganda', '1979-02-12', '2008-03-06'),
('57030', 1848401, 'New Zealand', '1983-10-20', '1998-09-28'),
('09286', 8679080, 'Japan', '1975-11-03', '1970-01-05'),
('97761', 5613468, 'Malawi', '2011-05-01', '1970-01-03'),
('17325', 2929989, 'Namibia', '1970-03-05', '2017-10-10'),
('06834', 6464677, 'Afghanistan', '1981-08-23', '1976-08-04'),
('28993', 8679082, 'Suriname', '1970-02-12', '1990-01-28'),
('14133', 3929994, 'Cyprus', '1990-12-16', '1970-03-28'),
('04474', 3929990, 'Saudi Arabia', '2003-05-12', '1974-01-11'),
('94696', 4613464, 'Iceland', '2005-02-18', '2017-08-17'),
('08523', 6464673, 'United Kingdom', '1988-07-06', '1980-02-10'),
('10203', 9679078, 'Iceland', '1993-08-19', '1998-09-06'),
('66524', 9679077, 'Indonesia', '1984-04-23', '1973-02-12'),
('82850', 7464675, 'Yemen', '1997-10-01', '2014-07-12'),
('52306', 6464675, 'Ghana', '1971-05-21', '1974-04-17'),
('18618', 4613467, 'Pakistan', '1971-12-25', '1979-12-28'),
('22198', 1848399, 'Singapore', '2008-03-18', '1971-11-08'),
('29294', 1848402, 'United States', '1974-08-10', '1970-07-20'),
('19201', 9679079, 'Philippines', '1992-11-06', '1970-01-18'),
('41393', 848402, 'Malaysia', '2008-08-23', '1981-02-23'),
('20457', 9679080, 'Bulgaria', '2008-07-05', '1978-07-02'),
('93145', 7464674, 'Bahrain', '1970-02-02', '2012-05-01'),
('38557', 1848400, 'Croatia', '1970-04-03', '1970-03-30'),
('72512', 7464676, 'Paraguay', '1973-03-16', '1995-10-17'),
('61847', 848398, 'Poland', '1988-04-19', '1976-09-19'),
('26632', 848399, 'Malawi', '1991-07-01', '2004-06-25'),
('28271', 4613465, 'Uruguay', '1977-04-21', '1970-01-30'),
('93662', 3929992, 'Japan', '2017-08-05', '2007-12-22'),
('01870', 3929993, 'Bahrain', '1970-04-06', '2011-06-04'),
('41061', 2929993, 'Spain', '1985-12-10', '1972-02-14'),
('72417', 848401, 'Mauritania', '1970-01-07', '2013-10-05'),
('90931', 8679079, 'Morocco', '1990-02-19', '1971-10-02'),
('97625', 8679083, 'Singapore', '1974-02-03', '1970-01-26'),
('53236', 1848403, 'Netherlands', '1970-02-27', '1996-01-04'),
('84399', 5613465, 'Ireland', '1970-03-20', '1980-01-28'),
('42411', 848400, 'Guyana', '1971-08-20', '2012-09-29'),
('35627', 2929991, 'Zimbabwe', '2000-08-13', '1986-07-11'),
('89070', 2929992, 'Poland', '1988-07-29', '2006-07-09'),
('18921', 3929989, 'Botswana', '1996-10-03', '1991-03-05'),
('14066', 8679081, 'Lithuania', '1972-01-19', '1994-12-24'),
('30346', 3929991, 'Thailand', '2014-10-06', '1998-06-09'),
('73683', 2929990, 'Iraq', '2009-01-26', '1977-06-16'),
('98602', 2929994, 'Tunisia', '1984-05-05', '1985-07-22'),
('57121', 5613467, 'Malaysia', '2007-12-10', '1970-02-12'),
('02678', 4613466, 'Morocco', '1984-05-26', '1996-08-02');

--
-- Inserting data into table servico_parceiro
--
INSERT INTO servico_parceiro(codigo) VALUES
(5629863),
(1505479),
(6829920),
(7829920),
(5629861),
(8200648),
(3514464),
(1505480),
(6829922),
(6829923),
(2514462),
(7829921),
(1505475),
(1505476),
(7829922),
(8200649),
(7829923),
(4629863),
(505480),
(8200647),
(5629864),
(6829921),
(505476),
(4629861),
(505475),
(2514464),
(3514465),
(9200646),
(505479),
(1505478),
(2514460),
(2514461),
(5629862),
(8200645),
(2514463),
(3514462),
(1505477),
(1505474),
(6829919),
(8200646),
(3514463),
(9200645),
(9200644),
(505478),
(505477),
(4629862),
(3514461),
(4629860),
(9200643),
(505474);

--
-- Inserting data into table acomodacao
--
INSERT INTO acomodacao(codigo, descricao, data_entrada, dt_saida, capacidade_pessoas, fumante, no_estrelas, tipo) VALUES
(9200644, 'Ad error excepturi architecto ipsum.', '1971-03-09', '1970-01-04', 1, 0, 3, 'Laboriosam dolorum eos quis. Sapiente labore voluptas omnis cum! Voluptas est?'),
(5629864, 'Molestiae omnis nihil sit atque.', '1973-05-30', '2012-10-31', 2, 0, 3, 'Et voluptatem laborum. Reiciendis non error ut. Sapiente minima eveniet.'),
(3514465, 'Ea sed nam consequuntur unde.', '2012-09-14', '1970-01-08', 3, 0, 1, 'Quasi doloremque qui. Voluptas eos dicta maxime! Enim architecto et ipsa ut.'),
(6829921, 'Minima ut odit id hic.', '1987-05-01', '1996-10-25', 4, 0, 1, 'Esse quis natus magni exercitationem.'),
(1505478, 'Ut dolorem impedit quia quas.', '2006-02-13', '1993-11-19', 5, 0, 2, 'Dolor qui quidem; unde ut enim rerum in. Corrupti ratione quae iste!'),
(1505480, 'Quia quidem ut.', '1997-11-19', NULL, 6, 1, NULL, NULL),
(8200649, 'Natus officiis molestiae velit.', '1972-08-03', '1972-02-29', 7, 1, 3, 'Veritatis earum; vero culpa veritatis delectus ut.'),
(3514462, 'Dolore voluptatem esse.', '1986-11-10', '1982-10-14', 8, 0, 1, 'Quis animi. Non perspiciatis! Exercitationem laudantium quia eos suscipit.'),
(3514461, NULL, NULL, '2017-03-06', 9, NULL, 3, 'Voluptate laborum eius nemo quam. Quibusdam perspiciatis; tempora error.'),
(3514463, 'Est odio earum voluptatem eligendi.', '1970-03-05', '1994-02-19', 10, 0, 5, 'Est nihil iste et totam.'),
(3514464, 'Voluptatem omnis voluptatem sit nisi.', '1983-11-27', '1990-02-13', 11, 0, 1, 'Sit voluptates aut itaque. Accusantium odit. Dolores et.'),
(6829920, 'Accusantium sit quia quidem mollitia.', '1984-10-27', '1971-10-01', 12, 0, 1, 'Est dolor. Quidem minima fuga quae in.'),
(9200645, 'Accusamus rerum iste voluptatem.', '1970-01-05', '1979-04-23', 13, 0, 4, 'Et labore perspiciatis sed hic.'),
(4629863, 'Voluptatem quia quis ratione quaerat.', '1990-08-12', '2009-06-19', 14, 0, 3, 'Quia dolor et maxime provident. Vero quibusdam. Quibusdam qui. Magni ad.'),
(505478, 'Nulla enim impedit magnam incidunt a.', '1970-01-01', '1970-03-07', 15, 0, 5, 'Et minima dolores voluptas vel.'),
(505475, 'Excepturi debitis perspiciatis ea.', '2013-12-18', '1971-02-19', 16, 1, 3, 'Debitis laudantium et repellendus excepturi. Voluptas voluptatem. Esse sunt.'),
(2514460, 'Expedita sequi ea corrupti aliquam.', '1999-03-07', '1994-12-22', 17, 0, 4, 'Nulla vitae vero molestias nam...'),
(505480, 'Quis et inventore ut non velit neque.', '2010-04-02', '1970-01-25', 18, 0, 5, 'Ipsa quisquam est sed. Sequi autem quaerat ad deleniti! Est quaerat.'),
(505477, 'Rerum iste nihil mollitia et quaerat.', '1972-07-30', '1996-07-18', 19, 0, 5, 'Non assumenda tenetur eum omnis.'),
(6829922, 'Unde illum voluptatem deserunt.', '1979-05-16', '1991-09-16', 20, 1, 1, 'Consectetur amet eius sequi nostrum. Laudantium unde non mollitia; ratione.'),
(8200645, 'Et tenetur error deserunt aspernatur.', '1970-03-24', '1979-06-16', 1, 0, 4, 'Asperiores modi est. Fugiat repellat quisquam animi! Veniam cupiditate.'),
(1505474, 'Molestiae est error animi qui est.', '1986-01-23', '1991-03-20', 2, 0, 3, 'Hic aliquam aut doloribus. Natus soluta et quia aspernatur!'),
(5629861, 'Molestias voluptas veniam.', '1980-06-30', '1995-01-09', 3, 1, 2, 'Sed natus doloribus beatae voluptatum.'),
(6829919, 'Ex est voluptatem.', '1974-03-14', '1993-12-11', 4, 0, 3, 'Est tenetur facilis. Enim unde; veniam molestiae. Cumque magni. Nesciunt modi.'),
(8200647, 'Saepe similique laboriosam tenetur.', '1971-10-26', '1988-02-15', 5, 0, 1, 'Omnis repellendus. Non enim sit error qui.'),
(4629862, 'Quia eaque enim corporis qui.', '1970-11-09', '1970-01-10', 6, 1, 4, 'Quasi sequi eos amet; omnis aliquid fugiat ut ducimus. Dolorem exercitationem.'),
(505476, NULL, NULL, '2011-08-23', 7, NULL, 5, 'Beatae voluptatem omnis tempore. Est sed neque minus modi!'),
(6829923, 'Officia veritatis et perspiciatis a.', '2001-10-01', '2017-08-25', 8, 0, 5, 'Nisi sit omnis sunt aut. Tenetur nisi officiis. Error voluptas dolore.'),
(7829923, 'Facere dolor cumque ut non suscipit.', '2012-06-07', '1984-07-31', 9, 0, 3, 'Iure quo eaque placeat suscipit. Minima minus. Minus rerum doloremque.'),
(4629860, 'Et sunt error.', '1970-03-29', '1983-02-13', 10, 1, 3, 'Quo sed facere molestias dolores. Quas porro. Ut iste. Laboriosam dolorem.'),
(9200643, 'Non ut praesentium dolor.', '2017-09-26', '2006-04-26', 11, 0, 2, 'Quia iure iste et aliquid. Laborum voluptas ut perspiciatis.'),
(505474, NULL, NULL, '1970-01-04', 12, NULL, 4, 'Est reprehenderit corrupti est numquam.'),
(4629861, 'Libero qui et.', '1970-04-08', '1972-04-20', 13, 1, 1, 'Ut est reiciendis tempore unde.'),
(2514464, 'Veniam possimus nihil fugit quia.', '1977-12-07', '1972-09-17', 14, 0, 4, 'Temporibus hic eos in. Non debitis iusto autem necessitatibus. Ad voluptates.'),
(2514461, 'Ut et non nam atque nam.', '1995-11-26', '1984-01-13', 15, 1, 5, 'Quisquam porro quasi. Asperiores tempora corrupti quidem omnis...'),
(9200646, 'Eaque consequatur libero ex optio aut.', '1997-05-12', '2015-07-06', 16, 0, 3, 'Iusto assumenda officiis autem. Vitae qui voluptatum dolore facere.'),
(505479, 'Quae officia illum a.', '1979-11-27', '2011-01-15', 17, 0, 2, 'Nostrum ratione. Ad iste. Natus dolorem consequatur at. Aut sunt.'),
(7829920, 'Sed animi molestias aperiam sed ad.', '1972-11-20', '2001-06-17', 18, 0, 1, 'Blanditiis distinctio quia. Molestiae aliquid odit odio qui.'),
(5629862, 'Nulla natus quos.', '2013-04-13', '1974-08-03', 19, 0, 4, 'Odio est eum. Minus quia! Quis consectetur. In quasi. Et ea!'),
(1505477, 'Optio alias dolores error nisi itaque.', '1984-04-05', '1971-08-25', 20, 1, 4, 'Voluptatem ut fugit aliquam. Omnis quas culpa totam corrupti. Sed ut.'),
(1505475, 'Doloribus non ut iste deserunt et.', '2000-11-02', '1989-09-12', 1, 1, 1, 'Nostrum similique adipisci ullam quidem.'),
(8200646, NULL, NULL, '2006-11-24', 2, NULL, 4, 'Labore harum. Quia ipsum suscipit; porro excepturi. Reiciendis quis? Illum.'),
(2514462, 'Enim reprehenderit inventore tempora.', '1993-11-07', '1970-02-07', 3, 0, 3, 'Ut vero voluptates. In ad dolores! Incidunt velit quae; sit distinctio.'),
(7829921, 'Unde omnis eum natus.', '1997-01-15', '1970-01-13', 4, 0, 1, 'Omnis voluptates. Esse unde odit et ea.'),
(1505476, 'Ut velit repellat eaque.', '2004-12-19', NULL, 5, 1, NULL, NULL),
(7829922, 'Magni ipsa ut asperiores.', '2011-06-18', '1973-06-13', 6, 1, 5, 'Doloribus ea aut voluptas aliquam.'),
(2514463, 'Consequatur itaque ex consequatur.', '1975-06-20', NULL, 7, 1, NULL, NULL),
(5629863, 'Officiis dolorem ut enim voluptatem.', '1972-07-18', '1970-09-27', 8, 1, 5, 'Quis autem voluptate pariatur laudantium.'),
(1505479, 'Perspiciatis tenetur sint autem et.', '1970-05-22', '1999-04-25', 9, 1, 2, 'Numquam qui repellat. Architecto ut unde officiis sint? Omnis sapiente!'),
(8200648, 'Quia ducimus voluptas dignissimos.', '2000-11-29', '1970-11-03', 10, 1, 2, 'Numquam odit ut sed incidunt.');

--
-- Inserting data into table agente_trabalha_para
--
INSERT INTO agente_trabalha_para(cpf, agencia, cod) VALUES
('657906947', 'SL404896', 640815066),
('096951915', '04067228', 23710611),
('313978253', 'BR994861', 685862914),
('427274389', 'SC946157', 504400919),
('508393709', 'FC078014', 739178350),
('430589689', 'OC093044', 761780539),
('667282100', 'OC588900', 957040587),
('685169379', 'SC390768', 426687173),
('143059550', 'FC915431', 609386608),
('290317999', 'BR905167', 107235576),
('271179649', 'NI336521', 957474254),
('178488511', 'OC735607', 956583075),
('285174729', 'OC365976', 622264201),
('252740789', 'OC719638', 25621405),
('848669351', 'FC138226', 517620136),
('380272358', 'BR965929', 816949334),
('185392568', 'OC345602', 576220978),
('476550182', '07593648', 187099710),
('143238710', 'BR351804', 507653462),
('614693787', 'NI098835', 788140693),
('293611273', 'BR347581', 397539967),
('958817875', 'FC875190', 742648354),
('136552663', 'NI697802', 148951686),
('659342353', 'FC159665', 41172145),
('891867589', '07710781', 311707705),
('739794967', 'SL182002', 923472254),
('830730865', 'SL311969', 829293150),
('822517694', 'BR833663', 683728810),
('798012641', 'BR899644', 323831270),
('380270878', '03881991', 855349426),
('569447967', '08025517', 213720865),
('606762531', 'FC366722', 488232510),
('805164183', 'FC447130', 449011151),
('687168274', '06941329', 501035876),
('976951255', 'OC178586', 194143734),
('240312618', 'SL231774', 963492040),
('909929490', 'OC768488', 662638770),
('322638914', 'FC083400', 374481020),
('968211283', 'FC777871', 212612073),
('905000728', '03096391', 136325822),
('328802623', 'SL361755', 817030308),
('465154194', 'FC285859', 863450419),
('731439645', 'FC931764', 567097498),
('675243486', 'NI461753', 413477282),
('667462539', 'BR722092', 417984223),
('219827137', 'FC743953', 92549843),
('196718380', 'NI123170', 137355767),
('191981273', 'NI954312', 587627093),
('854870878', 'SC830631', 776718372),
('811593811', 'SL814345', 188553273);

--
-- Inserting data into table arquivo_pdf
--
INSERT INTO arquivo_pdf(codmala, arquivo) VALUES
(9731454, x'66656C736D786277757A726A686779'),
(5536187, x'6875766B727977736D64746A706F716567616C6E7A6362786966767363616A7162786B777877657065646770707373636A7667726F776A6B6F68766B77777967736B62696B6E6F7975616265756B656F756273686A6B6E73637566796C717A617A706163736D6A666561616968686C6D7171716F70757665646A7975666B786D68776161746C6E76776B63777074677A6A656D667165636E617175616C746C6D'),
(4536188, x'6B656275796761766972706E'),
(5536186, x'7A686966796B6E71'),
(2892115, x'687A74716779'),
(1493226, x'66656C736D786277757A726A686761'),
(8731456, x'6B6562757967617669727074'),
(1493225, x'69686E'),
(5536192, x'78677061716379657A'),
(5536189, x'66656C736D786277757A726A686771'),
(2892114, x'78677061716379656F'),
(493222, x'6E686475707A6A767761677374656D78716C6679696272636F6B67727361766E706375727861706B76716C716B7465666C65616A6866746B7568707261686F6B787A6265676E7778696D6973726964667374777561706C6774656E776170766D77636174686D75746D6A6179686B7873757A6665746A686D647869786170737167737279637478747A6579667A6A7A78767469657063746977766865656473677471737565736B756674716965686469776B7765'),
(9731453, x'67'),
(493221, x'786770617163796564'),
(7284263, x'6B6562757967617669727077'),
(493225, x'6B667578'),
(4536187, x'696861'),
(5536191, x'696570636A7376'),
(6284265, x'696570636A7379'),
(9731451, x'69686F'),
(493223, x'72'),
(6284264, x'66656C736D786277757A726A68676E'),
(6284262, x'78'),
(5536188, x'72766577716875796F636A'),
(493219, x'6765716E796D6B636461777A74626975666A727673686C70786F6363746D6E68706C69636E7876636E686C706F7A716E6F697673786866666F70796C71786269626964626D6E6471616C6168766C70617A6970646B71796B6B616A6F657376637A64736778766F64696862757971717069786D686E6B78667A7772756D6670737A6F736A70666E6767767078'),
(493220, x'6172'),
(1493223, x'6E66766575'),
(1493224, x'77'),
(3892115, x'786770617163796572'),
(6284263, x'696570636A7378'),
(493224, x'786770617163796576'),
(1493220, x'6B6562757967617669727073'),
(3892116, x'6167'),
(4536191, x'6B667579'),
(7284264, x'66656C736D786277757A726A686774'),
(5536190, x'687A74716776'),
(1493222, x'777967767573616A626D727063'),
(1493221, x'6E66766563'),
(4536185, x'6679646276707771656A6F746968'),
(4536190, x'6679646276707771656A6F746967'),
(7284265, x'6B6562757967617669727064'),
(4536189, x'7A686966796B6E67'),
(8731454, x'617A'),
(4536186, x'76736B707A6D6C686F6E62656A787772716761796366647574696169716561667A74746A63616D7A756E616D7A7867717175686B7975626A696D68786E7079666E76766B6976736D736F76776B656165767362647879687A6D74636B6E74736370766D6E796276796E6D766A71796270636D656D6B686E6D6379666D6A6C677569747173636F667278666F70727275696C7375676C6471636761716366726373627A6D6D6F616C677A6F706C74666B6F796768656D75626A6A646663666C696561766B647871657A'),
(2892116, x'717A6C67666B73686A75636578726F69'),
(8731455, x'6679646276707771656A6F746972'),
(9731452, x'72766577716875796F6361'),
(9731450, x'696570636A736B'),
(7284262, x'786770617163796569'),
(8731453, x'696877');

--
-- Inserting data into table clientefisico_compra
--
INSERT INTO clientefisico_compra(cpf, cod, codpacote, codcliente, dt_compra, stats) VALUES
('201330418', 25621405, 549573256, 7464673, '1977-03-20', 0),
('126148209', 417984223, 1828707679, 6464676, '2008-12-12', 1),
('350929983', 501035876, 1061248950, 5613466, '1981-09-28', 0),
('797049907', 923472254, 2147483647, 7464677, '2006-11-25', 0),
('122598219', 662638770, 1828707680, 6464674, '2002-01-18', 0),
('544185828', 863450419, 1275997319, 5613464, '2002-01-20', 0),
('388570779', 517620136, 27776727, 1848401, '1972-05-11', 1),
('891474920', 148951686, 1828707681, 8679080, '1981-09-30', 1),
('866544711', 761780539, 242525093, 5613468, '2006-11-28', 1),
('323352079', 587627093, 1061248951, 2929989, '1990-04-16', 0),
('056453865', 187099710, 1629920275, 6464677, '1972-05-08', 1),
('991054174', 576220978, 242525089, 8679082, '2008-12-13', 1),
('649920394', 816949334, 2043456042, 3929994, '1995-02-24', 1),
('458204164', 188553273, 1061248949, 3929990, '2002-01-17', 0),
('318083524', 194143734, 1275997316, 4613464, '2013-10-17', 0),
('645872528', 956583075, 1061248953, 6464673, '2013-10-21', 0),
('495256579', 504400919, 549573251, 9679078, '1977-03-17', 0),
('986390529', 640815066, 1415171911, 9679077, '1972-05-10', 1),
('241472689', 323831270, 549573255, 7464675, '2008-12-17', 0),
('776317968', 507653462, 549573252, 6464675, '1995-02-22', 1),
('264521695', 488232510, 549573253, 4613467, '2006-11-27', 0),
('137776001', 107235576, 764321620, 1848399, '2013-10-19', 0),
('605201645', 136325822, 1629920274, 1848402, '1986-08-05', 0),
('175012136', 137355767, 764321617, 9679079, '1981-09-27', 0),
('423551507', 567097498, 27776722, 848402, '1995-02-21', 1),
('549899996', 397539967, 1415171909, 9679080, '1977-03-16', 1),
('983315562', 23710611, 2043456041, 7464674, '1995-02-23', 0),
('742589505', 622264201, 1275997317, 1848400, '1972-05-09', 1),
('825503337', 311707705, 27776724, 7464676, '2018-07-13', 0),
('774739784', 742648354, 1415171910, 848398, '2006-11-26', 1),
('276421301', 685862914, 764321621, 848399, '1977-03-19', 1),
('354891228', 855349426, 242525088, 4613465, '1990-04-15', 0),
('884911932', 957040587, 764321619, 3929992, '1986-08-07', 0),
('218965957', 413477282, 1275997318, 3929993, '2008-12-16', 0),
('675874302', 92549843, 242525090, 2929993, '2008-12-14', 0),
('231590248', 213720865, 1061248952, 848401, '1981-09-29', 1),
('388352702', 957474254, 1275997315, 8679079, '1986-08-06', 1),
('949656900', 683728810, 1275997314, 8679083, '2013-10-16', 1),
('208931606', 739178350, 27776721, 1848403, '2013-10-14', 0),
('547895810', 374481020, 549573254, 5613465, '2008-12-15', 0),
('369190370', 829293150, 27776726, 848400, '1986-08-08', 0),
('066120526', 817030308, 764321618, 2929991, '2013-10-18', 1),
('580064932', 788140693, 27776725, 2929992, '2002-01-19', 1),
('744058791', 449011151, 27776723, 3929989, '2013-10-15', 0),
('848742968', 41172145, 1629920276, 8679081, '1990-04-17', 1),
('606023408', 426687173, 242525092, 3929991, '2013-10-20', 0),
('259045060', 609386608, 242525091, 2929990, '1977-03-18', 0),
('696117831', 212612073, 764321616, 2929994, '2008-12-11', 0),
('129598099', 963492040, 1415171908, 5613467, '1972-05-07', 1),
('151650207', 776718372, 242525087, 4613466, '1990-04-14', 1);

--
-- Inserting data into table clientefisico_recebe_maladireta
--
INSERT INTO clientefisico_recebe_maladireta(codcliente, codmala) VALUES
(7464673, 9731454),
(6464676, 5536187),
(5613466, 4536188),
(7464677, 5536186),
(6464674, 2892115),
(5613464, 1493226),
(1848401, 8731456),
(8679080, 1493225),
(5613468, 5536192),
(2929989, 5536189),
(6464677, 2892114),
(8679082, 493222),
(3929994, 9731453),
(3929990, 493221),
(4613464, 7284263),
(6464673, 493225),
(9679078, 4536187),
(9679077, 5536191),
(7464675, 6284265),
(6464675, 9731451),
(4613467, 493223),
(1848399, 6284264),
(1848402, 6284262),
(9679079, 5536188),
(848402, 493219),
(9679080, 493220),
(7464674, 1493223),
(1848400, 1493224),
(7464676, 3892115),
(848398, 6284263),
(848399, 493224),
(4613465, 1493220),
(3929992, 3892116),
(3929993, 4536191),
(2929993, 7284264),
(848401, 5536190),
(8679079, 1493222),
(8679083, 1493221),
(1848403, 4536185),
(5613465, 4536190),
(848400, 7284265),
(2929991, 4536189),
(2929992, 8731454),
(3929989, 4536186),
(8679081, 2892116),
(3929991, 8731455),
(2929990, 9731452),
(2929994, 9731450),
(5613467, 7284262),
(4613466, 8731453);

--
-- Inserting data into table clientejuridico_compra
--
INSERT INTO clientejuridico_compra(cpf, cod, codpacote, codcliente, dt_compra, stats) VALUES
('776718372', 4613467, 549573256, 3929994, '2006-02-15', 1),
('829293150', 2929994, 1828707679, 5613465, '2015-03-29', 1),
('426687173', 848400, 1061248950, 6464675, '1992-10-24', 0),
('323831270', 8679079, 2147483647, 1848402, '1992-10-22', 0),
('397539967', 2929992, 1828707680, 2929993, '2015-04-01', 1),
('212612073', 3929989, 1275997319, 5613468, '1980-01-01', 0),
('923472254', 8679082, 27776727, 2929991, '2010-06-01', 1),
('957474254', 6464673, 1828707681, 1848401, '1997-09-05', 0),
('576220978', 2929993, 242525093, 1848400, '2015-04-05', 0),
('683728810', 2929989, 1061248951, 3929989, '1979-12-30', 0),
('816949334', 848401, 1629920275, 8679080, '1997-08-31', 0),
('761780539', 3929994, 242525089, 6464673, '2010-05-28', 1),
('449011151', 4613465, 2043456042, 9679077, '1992-10-27', 1),
('148951686', 6464674, 1061248949, 6464677, '2010-05-27', 0),
('956583075', 3929991, 1275997316, 2929994, '2006-02-14', 1),
('194143734', 5613464, 1061248953, 3929992, '2010-06-02', NULL),
('863450419', 2929990, 549573251, 848399, '2015-03-31', 0),
('963492040', 3929990, 1415171911, 848401, '2010-05-31', 1),
('137355767', 9679079, 549573255, 5613466, '1976-10-28', 0),
('417984223', 1848400, 549573252, 848402, '1976-10-26', 1),
('187099710', 5613465, 549573253, 7464676, '1992-10-25', 1),
('507653462', 4613464, 764321620, 9679079, '2015-04-04', 0),
('739178350', 2929991, 1629920274, 1848403, '2010-05-26', 0),
('742648354', 848402, 764321617, 4613466, '1992-10-23', NULL),
('567097498', 5613466, 27776722, 9679080, '2018-07-13', 0),
('136325822', 848398, 1415171909, 3929993, '2001-04-07', 0),
('501035876', 7464675, 2043456041, 8679082, '1971-12-19', 0),
('092549843', 6464676, 1275997317, 2929989, '2010-05-29', 1),
('622264201', 7464674, 27776724, 9679078, '1997-09-02', 0),
('817030308', 1848401, 1415171910, 5613464, '1984-11-06', 0),
('587627093', 8679080, 764321621, 848400, '1984-11-08', 1),
('188553273', 1848403, 242525088, 3929990, '1976-10-25', 0),
('213720865', 5613468, 764321619, 6464674, '2015-04-02', 1),
('311707705', 7464673, 1275997318, 8679081, '2001-04-08', 0),
('609386608', 8679081, 242525090, 848398, '1984-11-07', 1),
('413477282', 9679077, 1061248952, 4613465, '2010-05-30', 0),
('957040587', 1848399, 1275997315, 4613464, '1997-09-01', NULL),
('640815066', 7464676, 1275997314, 7464673, '2015-03-30', 0),
('504400919', 1848402, 27776721, 2929992, '1997-08-30', 0),
('488232510', 7464677, 549573254, 7464674, '1997-09-03', 0),
('374481020', 5613467, 27776726, 3929991, '1971-12-20', 0),
('025621405', 3929992, 764321618, 8679079, '1976-10-27', 0),
('855349426', 3929993, 27776725, 4613467, '2015-04-03', 0),
('023710611', 9679080, 27776723, 8679083, '1971-12-18', 0),
('041172145', 848399, 1629920276, 2929990, '1992-10-26', 1),
('685862914', 6464677, 242525092, 7464675, '1997-09-04', 0),
('517620136', 4613466, 242525091, 1848399, '1979-12-31', 0),
('662638770', 9679078, 764321616, 6464676, '1971-12-17', 0),
('788140693', 8679083, 1415171908, 5613467, '2010-05-25', 1),
('107235576', 6464675, 242525087, 7464677, '2006-02-13', 1);

--
-- Inserting data into table clientejuridico_recebe_maladireta
--
INSERT INTO clientejuridico_recebe_maladireta(codcliente, codmala) VALUES
(3929994, 9731454),
(5613465, 5536187),
(6464675, 4536188),
(1848402, 5536186),
(2929993, 2892115),
(5613468, 1493226),
(2929991, 8731456),
(1848401, 1493225),
(1848400, 5536192),
(3929989, 5536189),
(8679080, 2892114),
(6464673, 493222),
(9679077, 9731453),
(6464677, 493221),
(2929994, 7284263),
(3929992, 493225),
(848399, 4536187),
(848401, 5536191),
(5613466, 6284265),
(848402, 9731451),
(7464676, 493223),
(9679079, 6284264),
(1848403, 6284262),
(4613466, 5536188),
(9679080, 493219),
(3929993, 493220),
(8679082, 1493223),
(2929989, 1493224),
(9679078, 3892115),
(5613464, 6284263),
(848400, 493224),
(3929990, 1493220),
(6464674, 3892116),
(8679081, 4536191),
(848398, 7284264),
(4613465, 5536190),
(4613464, 1493222),
(7464673, 1493221),
(2929992, 4536185),
(7464674, 4536190),
(3929991, 7284265),
(8679079, 4536189),
(4613467, 8731454),
(8679083, 4536186),
(2929990, 2892116),
(7464675, 8731455),
(1848399, 9731452),
(6464676, 9731450),
(5613467, 7284262),
(7464677, 8731453);

--
-- Inserting data into table evento
--
INSERT INTO evento(codigo, stats, data_entrada, dt_fim, nome, detalhe, tipo, vl_desc, obs, guiacpf, guiacod) VALUES
(505475, 'O9K', '1996-08-19', '1977-10-18', 'Mononiar', '1LA66K3477SE511N55S3X9K3JC40V34L40690Q7C83ST40DB', 3, NULL, NULL, '338182977', 4613467),
(3514464, '4M1R1YK986', '1970-03-05', '1990-12-19', 'Profindfion', '7IT69B24T90GMWJYLPZG', 2, '86C1DIREBKHR9J2O7', NULL, '789964174', 3929989),
(7829922, 'SBIL3P9EUTVO6NG718Y6', '2017-12-24', '1995-03-06', 'Playlictinon', 'HA4K6', 3, '782GY331U2E39I3AXR9YSZ46WA6U8N337J62XC71235WRZ6309C2N20IX8HV9KL9YB', NULL, '086880691', 9679080),
(5629864, '421X', '1983-02-17', '1978-05-21', 'Chartectridge', 'RV2KQ98J32BK7619AFOV026P8VL1N0NJ1V0KE3NV37C390Z2Q7Z1X20040FBB3KK0XEQ305Q5', 0, '67', 'In which city did you get married?', '009021904', 1848399),
(8200649, '65YW4907E46I65Q74812', '2008-10-13', '1997-05-12', 'Miclescope', 'L9JR576J5RO6DJWENIV26Q7Z', 1, 'A2Z20626I6YCNHJ61T', NULL, '108792071', 9679077),
(2514461, '854Z3IAC5914', '2002-02-03', '1989-01-10', 'Conjectar', '1RJW01D4', 0, '39N1R5PS96IFV18', 'What street did you live on in third grade?', '865354681', 5613468),
(4629863, 'G', '1976-02-21', '1991-11-17', 'Readtectridge', '2Q', 2, 'TG488191869G6A6R6497YQB7YKXN2PHAI77665O9003', 'What is your favorite cartoon character?', '199654438', 9679078),
(5629862, '3C', '1982-08-21', '2018-06-04', 'Subculplphone', NULL, 0, '3HK0KU3059J9JD460K5N0Y0RXF', 'Who is your favorite character?', '199654438', 9679078),
(6829921, 'J7MM8CLDPZ746Y759R12G97765JGM3U14XNP36P5R97VRRA0IZT4C8420ZQR25FK17RPYHHCQYH', '1971-06-30', '2003-12-18', 'Monolifiplon', '34C6HKZO3NR491TMH7UOUXP7782QFOQA5AR5N36IRH3ES3R2', 1, 'X0WD8849MGGP8YKGL0S', NULL, '199654438', 9679078),
(2514460, 'R5UK158S3289S68V424OZU5JB74F17BAGYL798527PC35R86G0CMU4NUY4KAL3HE889KR6W2QWVB9N513L2QKOW934551PN', '2013-09-12', '1984-04-10', 'Tabputador', '78X9VCS64X0', 0, '66C6V9P', NULL, '900888117', 7464676),
(8200645, 'D', '1981-08-02', '1970-03-29', 'Printjecticlet', 'NEU3V5O2BS58566', 0, '8UCRG1YD35U110EDV1', 'What is your father''s middle name?', '067993155', 7464674),
(505480, '579FDZ6X5CVLCLPELR58D63G9G14LI0D0OT5Y2317M1J6PJZ7G7H1666D', '2002-05-08', '1974-03-05', 'Monolifiuper', '9QEON368K785RS5PDLP78716560GJZA1CXQZGLB0U9Q6HJB7666LCS0O34BLX323I1V136LN7', 2, 'CFK10V26U552435IQ0K9OHI19E7HQH68WT7L4PJC01C4CEOUHM6O8754D02', 'In what city or town was your first job?', '803528792', 848399),
(1505474, 'MB8H893L0E8I6963080742E33ORF6BD4Z7VN0L391HNG368CU863', '1970-03-04', '2015-08-18', 'Tabputaquer', '9HY6G', 3, 'IHMAOIXW2H3W5M644R8OI48765GTU0', 'What is the name of the place your wedding reception was held?', '872628013', 2929990),
(6829922, '25W0C88NP', '1976-09-01', '2009-09-16', 'Playcycliner', 'T046T3N2VU8D8V5BDIK5870ZDDE9Y29418GCSGX70MO1', 1, NULL, 'What is your favorite restaurant?', '113684622', 848401),
(6829923, 'S60ZTQ292JP2074S51Q644E0V78KO5I0ZPOP2PJ4', '1987-11-10', '1975-04-07', 'Cartcessimry', '3O', 2, 'J12BRUO3D0W5889218OAF6W67EE1YWAM62GP24J6329J9P54925BQ04A629RF18R1470Z25', 'What High School did your mother attend?', '086880691', 9679080),
(3514465, 'YV04W58876P0SDMU8585GV86K2IDUCPG8DT00M66', '1970-01-02', '1978-07-29', 'Teceivimry', NULL, 0, 'HP853QA5401W16JU2E86503P6308472D51P4F', NULL, '814228663', 2929989),
(1505480, '91U5D0U2T69L81R006S5MPRI25KB53LVQ', '1981-03-04', '1995-12-08', 'Comteller', '3C41ZC37A', 2, 'M3J2Z', 'What is your oldest brother''s birthday month and year?', '814228663', 2929989),
(1505478, 'E', '1997-02-10', '1970-04-02', 'Tabpicklet', '2IWJ9083IBU5KGMUY26153125TY8I21MT7TB7MH1', 2, 'I5L59LCDC0L052402M5ZY4DA432FWJ971G91', 'What is the title of your favorite book?', '251033311', 8679081),
(3514462, 'A8JGNLN97NUO1YL779302W8TUQ80RC7JX0F84T62V59J90Q539A8', '1983-05-14', '1970-03-04', 'Ampleer', '6PK951FJ', 1, 'D9718N2KUGHA97LY5ZKW0Z', 'What is the first name of your favorite uncle?', '814228663', 2929989),
(6829919, '4I87YXK1BSWSB3U7YD2Y26OI71C67O1M7B6A6171XU7SW70ME4V30UF66F6', '1988-09-18', '1986-09-18', 'Cartfindewon', 'R4UI9OEDKS0SI82L9TQ12BF077NXT4', 0, '062Z304G9Z10SU94M', 'What is your favorite car manufacturer?', '586081920', 1848403),
(7829923, NULL, NULL, '1970-01-07', 'Telifiry', '49AHN2C4I92077I0HW11YA36PF3PITRQ42B08RLN', NULL, 'VNR1W9513RXA924B2VILV24Z6', 'Who is your favorite teacher?', '473208173', 6464674),
(4629860, '71OJV353XE4MM0H88', '1970-01-10', '1999-07-14', 'Playtaopphone', 'A2', 3, NULL, 'What is your favorite cereal?', '803528792', 848399),
(9200643, '3GDCEN904D96LVD7B9RBXR7P13T345O8KC8M6U41RP2BK8W6D35C1YV405O667SHU24F5G49S6239286', '1970-01-06', '1988-02-01', 'Anlififiar', 'F4XFE588391454', 1, 'D56', 'What is your favorite fruit?', '374432974', 1848400),
(505474, '1BB', '1982-06-15', '1970-01-08', 'Printtinedgor', 'YDW7ETYV4H', 2, 'CFZX8107X22NNFEGV8B36HGLRZT1C4EP63V9CU399B7ZJ675IZ253F03N5HB780F011F', 'What is your favorite beach?', '972349288', 2929992),
(1505477, '22Q0GAPCH', '1989-08-18', '1972-01-15', 'Suppickscope', 'U949JK793FVGN2I8LCJ72IF270B980FVK9Q7VB3E64YX17W37MR6XII15G8NU', 3, '259RS0018BY264Y57710EPFQ4JPOX2P0680O5C9DY53OS65A49NNG875L57FR6022J992867FPVI3C7DU5J18UHCB554UI86NYD3', NULL, '516292154', 6464673),
(2514464, 'K7428', '1993-10-14', '1971-05-03', 'Montinscope', '64G9E5K557ZB7Q', 3, 'RA6H52W2OO09C8B7862UM9WXICI6S', 'What is your favorite flower?', '241497197', 2929993),
(8200646, 'CJ7IY9SY6Y5JN8YR72648L6HWXKG6T1ZSKXIZAG1I83CX649X1BO576ZF9UW196H68C', '1971-02-21', '1977-03-16', 'Armculra', '84MMNO2X29L4UI', 2, '37HSZS9W7Y740051XP6J5J1PQ5950502', 'What is your favorite ice cream?', '911428616', 3929992),
(7829920, 'TY37', '2007-12-04', '1997-12-28', 'Amptellepphone', '3573L8HK2L2BGF9US0JZ04L27CO26QAB', 1, NULL, 'What is the first name of your favorite aunt?', '326952089', 3929994),
(9200644, 'PHC8P81E7G6I4V47WX767598013W', '1970-03-06', '2005-09-15', 'Cleanputlet', 'Y67AR8M4R64IX25', 2, 'SK08N0L40QOFBG0KK027V6', 'What is your favorite candy?', '023979955', 7464677),
(1505475, 'UWG13ZRSCO15BW6PSPQ103RD5Q03C9CPDIH6LS299E0R6W68522W38GO99RZDP3714C70B85V60RU88291D57JDIX98O3W9778TM', '1985-07-07', '1986-03-03', 'Comleedlet', 'JT8QA337U292638EV4F3G85VBM947GYL27FS832R95', 1, NULL, 'What is your partner''s first name?', '803528792', 848399),
(1505476, '68', '2015-11-17', '1996-05-12', 'Monoculscope', '00HXP1763E32YLVKL', 1, NULL, 'Where did your best friend spend his childhood summers?', '374432974', 1848400),
(3514461, '0GH8MF1W8O5SJC00BS', '1971-08-29', '1972-06-28', 'Subputicor', '651UBTS6MV75P260DY53S1VE6FOY8GT7N62WA', 2, 'I273S920U', 'What is the name of your favorite pet?', '108792071', 9679077),
(3514463, 'PP1LZU', '1994-06-26', '1970-01-06', 'Speaktinra', 'PD575U3W5', 0, 'BH5E26ILGS7RBL4UH503HMWKOKK94L4PI2YH60', 'What school did you attend for sixth grade?', '951606077', 7464675),
(6829920, 'SCTRC88619470WY1A0ZO04Y78MWQZE2V', '1988-03-11', '1980-01-26', 'Tweetcordridge', 'SZD7EVI6A526G0', 0, 'QT7L8PRHYE2ZF', NULL, '251033311', 8679081),
(5629861, '4C68C6YIL3FEDORBB1S1', '2006-10-05', '2004-04-08', 'Conpicker', 'K09HUFC7AYF4BEE', 0, 'AY30P30A', 'What movie did you see on your first date with "you know who"?', '493506529', 5613467),
(9200645, 'GZN5QN8J444515JAY49S8W0HCGQI420MH5ZB878O7027047', '1992-11-22', '1998-03-02', 'Readcorderentor', 'I2QXDC38Y7', 0, 'KE0ULJ3', 'What town was your sister-in-law born in?', '162112253', 5613465),
(8200647, 'R795U1I7JD708RS3PDY627G848T3JVQU03', '1999-05-04', '1979-02-11', 'Printholdaquphone', '0ULBILPC08AR02ONJYMH829JHZ86O87YN8Y0WD8K583D7P37V', 1, '987270S158F1HY0I87BVBIPY873645DF6733KTD', 'Who is your favorite artist?', '633632329', 6464677),
(9200646, 'S66PHDA385N34POX0IU', '1997-05-07', '1992-06-09', 'Playlicton', 'FCU2', 1, 'Y0VTU54AU', NULL, '803528792', 848399),
(505479, '65S4', '1981-02-24', '2012-01-09', 'Cabculon', NULL, 1, NULL, 'Where were you when you first heard about 9/11?', '199654438', 9679078),
(505476, 'N1931E739TLO2LA55K0DTA9FFE60B2KYY768F46F2', '1996-03-03', '1981-10-23', 'Commutor', '86Z7XUG32R1963RCTO8', 1, 'O1K00MSMB7M053V', 'Which phone number do you remember most from your childhood?', '956721745', 848400),
(2514463, '38K87751097KF3P', '1983-06-16', '2009-05-01', 'Tweetpicker', 'AQ6E8067', 2, 'UE', 'What is the name of the first school you attended?', '911646199', 5613464),
(5629863, '712N2MQH3U10FIN', '1970-03-28', '1987-11-12', 'Continor', 'XO04JI38I00D', 3, '1909JCNI6Z5GH39Z4RN30ONRJIHC8B', NULL, '865354681', 5613468),
(1505479, 'ZE8747D3YK9', '1971-05-14', '1972-05-10', 'Miccessinscope', NULL, 0, '572DX9951HX4CO53J2', 'What is your favorite dish?', '529596965', 6464675),
(4629861, '2671PAW5ZLY', '1971-01-15', '1986-11-16', 'Monmutonentor', '35K8K6CS30EJ21', 0, '61QEVVQTJ78MXMN793XP3IEQ872445R5', 'Where did your best friend spend his childhood summers?', '900888117', 7464676),
(505478, '64FWBJ2R4A260214Y76M9I27WGCOFTU9TCFF56TW2Q7H358E20G7120KJTHIH2M0594V34YK', '1994-01-22', '1992-09-08', 'Cleanniupor', '7MRSDYQC7MZ913477M142723', 2, '0CVE3H072', 'What is your favorite hair color?', '268813722', 8679083),
(505477, '4N5SEQA3I96252TU722X7K7HP', '1991-05-05', '1999-09-21', 'Cartceivator', 'KNA6D3K16N0PF47V7', 2, 'O52272ES5185366YC19FQ895HQQ8XQ2NS1VF72', 'What was your childhood nickname?', '108792071', 9679077),
(4629862, '2D6E4G98SW7I8B281W4Z2N60B4LFX', '1998-11-29', '1994-02-28', 'Transtopimar', '6UK98SWP9720', 2, 'W8B228E4IX7LK201LH07EKML9Z5B4', 'What is the last name of your first girlfriend?', '633632329', 6464677),
(8200648, 'RADK4UR', '1970-03-02', '1977-07-15', 'Comtopollar', NULL, 3, '08Q19JP9X', 'What is the name of your favorite pet?', '803528792', 848399),
(2514462, '3QJ352HS6588AX0229VK293GA0332J3KR6PH95PMIQP0L7L2PR9E7391567N1Z7T16230B81X6V3W9CAPW84353K4H19', '1972-09-21', '2012-05-04', 'Anjector', '836V1615L72X44P8W4Q8M7R43PC', 3, NULL, NULL, '814228663', 2929989),
(7829921, '147WF69P0OPE8', '2015-10-24', '1997-08-29', 'Conholdexor', 'D3966CQH2284LI4D5OCY', 2, 'Y40V7G0G0P57O529TXV59LHTZ1ICX9B973W1XG83T4Y', 'What was the last name of your third grade teacher?', '268813722', 8679083);

--
-- Inserting data into table gerente_trabalha_para
--
INSERT INTO gerente_trabalha_para(cpf, agencia, cod) VALUES
('816034228', 'SC144027', 4613467),
('653741629', 'BR618280', 2929994),
('989689035', 'SL659836', 848400),
('745201099', 'SL724206', 8679079),
('779993774', 'BR550170', 2929992),
('879205719', 'SL777982', 3929989),
('690528581', 'SC672306', 8679082),
('725924675', 'BR200859', 6464673),
('842434496', 'SL525071', 2929993),
('932864082', 'SL508760', 2929989),
('459268770', '09364126', 848401),
('662039847', 'OC984958', 3929994),
('031983148', 'SL139257', 4613465),
('608710857', 'SL757619', 6464674),
('527714223', '08814494', 3929991),
('686263190', 'SC336785', 5613464),
('303718985', 'NI555455', 2929990),
('287555150', 'BR322771', 3929990),
('162976142', 'OC321519', 9679079),
('988774209', 'SC380123', 1848400),
('924933741', 'SL826151', 5613465),
('719564167', '02710648', 4613464),
('493836561', '05733322', 2929991),
('717602845', 'BR990062', 848402),
('969574727', 'OC080444', 5613466),
('951561884', 'OC979504', 848398),
('273694933', 'BR255405', 7464675),
('916750687', 'FC000200', 6464676),
('753795441', 'NI249649', 7464674),
('337475130', 'OC806253', 1848401),
('815378680', 'NI462025', 8679080),
('110314608', 'NI930672', 1848403),
('959055740', 'NI022057', 5613468),
('417071875', 'SL614821', 7464673),
('697563700', 'BR062944', 8679081),
('653265398', '09864172', 9679077),
('511157999', 'OC973419', 1848399),
('251361534', 'BR014398', 7464676),
('645316890', 'SC275494', 1848402),
('383909135', 'OC300279', 7464677),
('414501311', 'SL821634', 5613467),
('822288952', 'FC755232', 3929992),
('230864191', 'SL634043', 3929993),
('251438995', 'SL339508', 9679080),
('712454909', 'FC635449', 848399),
('859585369', 'FC270113', 6464677),
('823693906', 'SC564768', 4613466),
('804055684', 'SL780473', 9679078),
('457471973', 'SC988412', 8679083),
('130778475', 'SC556769', 6464675);

--
-- Inserting data into table guia_trabalha_para
--
INSERT INTO guia_trabalha_para(cpf, agencia, cod) VALUES
('338182977', 'SC144027', 4613467),
('167885141', 'BR618280', 2929994),
('956721745', 'SL659836', 848400),
('875965675', 'SL724206', 8679079),
('972349288', 'BR550170', 2929992),
('789964174', 'SL777982', 3929989),
('168407978', 'SC672306', 8679082),
('516292154', 'BR200859', 6464673),
('241497197', 'SL525071', 2929993),
('814228663', 'SL508760', 2929989),
('113684622', '09364126', 848401),
('326952089', 'OC984958', 3929994),
('119092224', 'SL139257', 4613465),
('473208173', 'SL757619', 6464674),
('021696656', '08814494', 3929991),
('911646199', 'SC336785', 5613464),
('872628013', 'NI555455', 2929990),
('611983096', 'BR322771', 3929990),
('363821481', 'OC321519', 9679079),
('374432974', 'SC380123', 1848400),
('162112253', 'SL826151', 5613465),
('007137140', '02710648', 4613464),
('384140268', '05733322', 2929991),
('684462209', 'BR990062', 848402),
('062581607', 'OC080444', 5613466),
('171150413', 'OC979504', 848398),
('951606077', 'BR255405', 7464675),
('686781432', 'FC000200', 6464676),
('067993155', 'NI249649', 7464674),
('338415794', 'OC806253', 1848401),
('053196038', 'NI462025', 8679080),
('586081920', 'NI930672', 1848403),
('865354681', 'NI022057', 5613468),
('065220733', 'SL614821', 7464673),
('251033311', 'BR062944', 8679081),
('108792071', '09864172', 9679077),
('009021904', 'OC973419', 1848399),
('900888117', 'BR014398', 7464676),
('649797314', 'SC275494', 1848402),
('023979955', 'OC300279', 7464677),
('493506529', 'SL821634', 5613467),
('911428616', 'FC755232', 3929992),
('659743955', 'SL634043', 3929993),
('086880691', 'SL339508', 9679080),
('803528792', 'FC635449', 848399),
('633632329', 'FC270113', 6464677),
('430764560', 'SC564768', 4613466),
('199654438', 'SL780473', 9679078),
('268813722', 'SC988412', 8679083),
('529596965', 'SC556769', 6464675);

--
-- Inserting data into table intercambio
--
INSERT INTO intercambio(codigo, obs, detalhe, tipo, cargo, dt_inicio, dt_fim, cargaHoraria, nome_curso, lingua) VALUES
(8200649, NULL, 'C03P0182WY95J5827BT799O7', -55024581, '4032O399I', NULL, '1975-12-02', -1232949985, '3W', NULL),
(3514463, 'L88584PU918W', '1JD1L', -1331055079, '6', '1994-10-03', '1970-01-10', 94, '89V0A2V2KEKO5425C5D368T8LDB1QLWS5', 'MC2'),
(9200645, 'J9UJ5SW7660P63087P81IH2', '66DE3KO0I0K4OHT003433UT783R5HIC408Z14I10A1K7LK3V61SC2LVK8638X60Z1', -166604099, 'M43CG876V6T0Q', '2012-02-09', '1986-02-22', -1856895926, NULL, NULL),
(505478, '43E78OV76P2M8R6H709U5YB7X5Z7194E622VX3859ZS77LB29054T73HJB1T662967962FOY1QSZ5S2U4MIFFI6U2YI93J7WG1OZ7M8QL053Q23', 'G9FC3CNUXXXJMR0293994M7E3MCM1906W1Q', -1905456606, 'I5', '1973-03-07', '2001-09-21', -1489901570, '0', '5'),
(505475, 'HG83G4T8', '30QV6281243', -440504040, NULL, '1976-12-19', '1989-06-26', -357668074, '8329Y9SL96', 'IH8E'),
(4629861, '5FE1SNRCJ5L8HXZ4678S52EN17632N33X', '9WY62087Y891XMN6S98N1Z838GG02J8U6D9JL0QOD4WZ4ABWR76', -1983422810, 'FJ', '2008-08-17', '2005-05-23', -1305709646, 'QTMY4A77S0X72GW2EAAM5AAYC', NULL),
(5629864, '0U63LI339345D43119', '81G913E3J679AON42N50XUHD1O2JSA7TRC4024AP68V6385DPEJ4V471JYI51G165S259FKHO2495OTHW21VCTI4O83U55D44AH5G0ZJP5N0ZK6600RJEBWP8A3O1GZ76', -27183446, 'ON6XG3BE1UH5', '1980-08-04', '1985-03-17', -1750537192, '72066X996VH29A88MK5T4P63P50TJ7QPV2KIN0J0O9BK4G', 'QAUP'),
(2514461, '3D3YKV0MF5I8GV0', '6DTMJVVR51M0C124ZQ5TOE1B0L6J9R9DNDN95956WN499AK72FRCOT9U74WNK156R5KUB24Z73RW88110NA47W9F52', -301923306, 'SR', '1972-12-18', '1971-09-24', -63, '6SQQ73Y7MGK951A78DCR2DE1K', 'N'),
(6829922, '5Y894OZ26495', 'NPQBKH2SQU145Y821XOF890R1', 327, 'R279K', '2009-10-27', '2004-07-09', -1538095624, '8W7N', '97RN'),
(5629862, '05A943L3MGFH13FWP3JD502L59', 'GH73599W1FI2MD24', -890551040, 'G', '1970-02-02', '1978-12-19', -1965391480, '0L8TH0T8QU7J1K607B64EAU7Q91SH56A', '3X'),
(4629863, 'FPGPC9U8NH96USU67TV93IG27', 'UA8IKU4YHA9CJS6U7348928', -330664937, NULL, '1998-11-12', '1976-02-20', -551186281, '717255YHSPH8N24025LA804X4IDQ2', '82F'),
(505477, 'E9WA5KLZ244625MESV133IZULNOX3022RL1VV1T6862346M4RMJ4', 'E4745Q407KFE5X', 30, 'JQJ', '1970-04-30', '1970-01-05', 4, '1XE6YT', 'M1582J6L9RG30'),
(2514460, '4P46S1Q791H5GT28ST90WZX9VO3RYNYY6SUIBM04R570TPN3Y5GF44P26EJJNJJ050', '1FMQ5L00YZZH1L8K0Y08V87QT191X8IF8SGK3B80B2', -9, NULL, '1970-01-04', '2006-01-12', -779901094, 'ST7CA', '0'),
(4629862, '5UYUBP', '73K', -941416163, 'IN', '1972-07-24', '1970-01-08', 72, 'GJZG0AF0DW7JIH', '8'),
(6829923, '2K0K6Y50V6SY1P736IP6910HF215D6UAPCTB5RUA58B9JA7', 'BP66', -969624619, 'K', '2017-02-10', '2003-10-05', -1018697734, '902767', 'J'),
(2514462, 'H41RW6Y5', 'L03UCW82X9ZVTM23AKEIRUXM3H5H1V', -1811700410, 'X', '1994-09-17', '1989-01-21', -724333324, 'J49471DIN6729M0P7OZPHVZ888NHT8', NULL),
(505480, 'U1', '1P63661ZC7KJ81T765O10P845V642DA15I4722WZXJX51BRP62IY0JB86N1S5K652USN3GL38W96', 736, NULL, '1991-01-15', '2004-06-04', -1280149179, 'O59XD', '3B15RD9C6T36D'),
(8200645, 'J7YZIC5W2CTZ', '0L', -1398868069, '86DOGV', '1970-03-15', '1970-01-03', 287, 'GJ2TW', '6'),
(3514465, '8EZWK3324216GLIQP4270U8BJ53GKPPT3F4ZC59B960', NULL, -199032415, 'H95R', '2013-07-17', NULL, NULL, '5E6IQ3TUX2H', 'X8BV48V7'),
(1505477, '25G370NM28SUU', '83NETAR20217R6SKRUE0', 1851, '06', '2014-06-24', '1970-03-22', -8, '89U', '5049KW4C36'),
(8200646, '3Q31Z8YF7X0023T9P1S49S044G1YZ0S53AUK4323B8S68LVS5X', '42T46ETP4NY89E547I3', -1958633766, NULL, '1970-01-19', '2000-10-25', -1678483103, 'I67P3J', 'P7Y'),
(9200644, 'GN8', NULL, 2972, 'I9', '2001-04-04', NULL, NULL, 'V6TQ5IZSOWPT37505', NULL),
(7829921, 'Q399XH407L7L17SL3ENY10V8', 'V532QP062Q3SRGC9UJI7H06TFIEUD7HZ985B7858KKDG0KXIQVG3P', -6, NULL, '1970-01-30', '1987-06-13', -1970717138, '587B51X883TRHB7091892IVS', 'S'),
(1505474, 'LQ6G74E6EW0NO943M0P9K6P236NH6E3M592IT6T57LPVODQ3MZ6348S8O41M77ERS684EA2XLJJ0L5TJQJT0E0ZWG', 'TM216U7', 3, '72IMO1Z2FU130NXX22EA', '1970-03-05', '1984-03-12', -435717850, 'BE', '91Y2OZH0'),
(7829923, '3S9MLY502104204U8V', 'X73F1ZE8KP5T1K58049NH501PVTBHSG9H', -129, 'L4DTO83', '1970-01-04', '1970-01-10', 95, 'QFN3Z0WNAGK69Z1224129G8U3E3581KQ8FEST2N9O', 'U3'),
(7829922, '645GA30G70UPKA4ZMM265E432K9G3607315Z01X55QH31MMCGI5FD8O5E8W472HMP14X1K9234MW', 'U5H87XJ5LZV43RYH78D0P477482B6AA586C00FN3A00GH2W4S2F', -1834503653, '00JB2', '1973-07-18', '2009-10-05', -636815070, '3NR6', '5'),
(6829919, 'BYX', '6A3370G4NZ3T16M96E53XWO7WZ8CR3H4B3U9PXHPIEUKIQ4M1HDU4BGE6S2WDN0TR1HG1QJLQK5L992448A7H0X9SQQ17F2NQ', -830258878, NULL, '2006-08-07', '1999-09-02', -1473308928, 'E0', '56'),
(2514464, 'C86XIFCR5Y1', '6E5APZ0RT289F8726', -1930837613, '9X08', '2000-05-19', '1984-09-25', -1471768959, 'C706JR2U4D46XZ1OWO03R8H24BJ8TBYJ6WG04N1GXZ204785Q6', 'J190A0'),
(6829921, NULL, NULL, -3323, '1', NULL, NULL, NULL, 'HFJJ39K2EY0B82904AI6B46I936062M8318Z36LP2', 'P73AJJG077TKE3BM2K9'),
(9200646, '23Z9Q2700VLU7U3', '8TM380E65EUEFP780VLKH86ENZA0Q55Q2VTRF2W1SF2', -761962962, '1', '1984-12-20', '1979-10-24', -1810569531, NULL, NULL),
(1505478, '9D1TZ3SJ883HS700WMT099', '4523H', -674165258, NULL, '1979-02-06', '1991-09-02', -291019360, 'AOH', '2'),
(3514461, '92708QB23806GB045K7GB759XA0YFQZ0J', 'EFYPY2WI4U', -4023, 'K831NHY83', '2011-04-16', '1972-03-28', -81, 'J928KFF459VO9X824651', 'U79IP'),
(1505480, 'AA0', 'GCFVHVKP0M', -6368, '3969EU898VS', '1984-09-14', '1970-01-29', 284, '6W7I25R6CJP8', '58ZVH2C'),
(6829920, '3303AEV3BCH', NULL, -79066819, '6', '1981-01-06', NULL, NULL, 'M9YO47A460ZD4OK2A0H3', 'H7Y2'),
(3514462, 'XL179YOZD052MZ6', 'NWIV4H31Y5VL737B', -810165122, '63', '1987-06-09', '1971-07-24', -56, '754Q8', NULL),
(505479, 'D4756X11EI09N5Y474DQBK', '6I384JX408KO6V9', -1772258879, 'H', '2010-12-24', '1971-09-04', -1362653597, 'BXB9W36', '7ET6673XN706TCB'),
(5629861, '1259EY', NULL, -1473426413, '6', '2005-10-10', NULL, NULL, NULL, '40'),
(2514463, '6PZ7G', 'CM1ZXHM04323YQJAYNULONV8N5TA2PQH251X891FDC8L854G0XW7O6', -1702100212, '3A2OCN0M8', '1972-05-11', '1970-01-19', 1878, '6JGK', NULL),
(4629860, NULL, 'QR579394', -1270038972, '05', NULL, '1972-11-08', -104, 'D51JHRO7BW0NV61EE6HX4ZLABC2PYRY', '9'),
(8200647, 'VP7X0', 'H6R3V8UVJA70AJFA1984EYDDA035VB7841N0603OT684JMDLTKH', -1759984172, NULL, '2011-11-07', '2007-10-07', -1325025581, 'K9WZ466BX94D62MP', 'CP600B'),
(5629863, '06JU4I301SLL0978', '5K8R9MRZ218KY863IU', 8041, 'M7', '1995-09-21', '2012-04-21', -1233665123, 'EE5558M9CM2XPPWG65P9QBPVE3F58H0OOVNY', 'R'),
(505476, 'L8', '3B86N03S8SP', -753124054, '6R0114', '2000-04-03', '1982-04-30', -104150900, '12IRV66D2D7', '9'),
(1505479, 'IW5413S19BV6Y5T04YTIDUY0J3', 'KN4LCU768DYB7ID0XF862X5EI5YB9UF13Q7TN9VW7758EX46MM0744MW3BPNRJ9KGTUI32Y1VSLCQWYGIS372239T93I45X', -1255548558, '6', '1991-05-31', '1970-03-28', 862, 'YG98IPAPTG51', 'C2V1'),
(8200648, 'M63832O569QJU084600Z15HZPW1SJ77RE9FZL4S807DBL593N1HK075U3324K3G', NULL, -502219908, 'D', '1970-03-22', NULL, NULL, '5P7E6RS0OQ7182JS7396827ZR9A81658TD2UKH5LSTN17VNJO4', 'JT'),
(3514464, '5HLL', '9QN8K038GUO4TRGJ906J', -1860925889, 'U', '2011-11-28', '2008-07-14', -105605230, 'R', '5S1794'),
(9200643, '30N4F3Y21ZTCO3T7DVMHKB4JLY693K5PKNYG0585J', '1', -457708612, '4II', '1980-01-21', '1996-03-11', -546065138, '9', '828YY'),
(505474, 'K8', 'QJB6K353EDP44XK3J', -963606793, '43C22YI18KL9MRN', '1980-12-24', '1997-04-14', -1781391961, 'IQ5T99GZ9G', NULL),
(7829920, 'BAB0AZ9Q046I39P320KQ3TSA', '5OMLL5G2279', -929773068, '96', '1976-12-12', '1996-09-04', -427401819, 'G14Y1QX738S1OZ', NULL),
(1505475, '5YE468T44X4', 'SV1NQG45M', 1261, 'ZE7553', '1989-04-15', '1970-01-07', 6, 'CJ564820O30GN02Q26904O6I609J747AID0PDJ1OW49', 'V3'),
(1505476, NULL, 'WM47Z8CUT9S4G320619AX2B7Z63W', -1039681813, '84T72J8', NULL, '1985-09-13', -1158110076, 'D904A6485S4VND1Z56049', '2');

--
-- Inserting data into table itens_fatura
--
INSERT INTO itens_fatura(id, id_sk, codpacote, codservico) VALUES
(47, 36, 242525091, 6829922),
(9, 46, 242525093, 4629863),
(18, 37, 1415171911, 7829923),
(4, 4, 2147483647, 1505475),
(28, 30, 1275997317, 1505478),
(50, 3, 242525087, 505474),
(45, 35, 1629920276, 8200648),
(48, 2, 764321616, 4629860),
(46, 41, 242525092, 3514464),
(23, 10, 1629920274, 1505476),
(13, 42, 2043456042, 6829923),
(19, 43, 549573255, 2514464),
(42, 27, 764321618, 505477),
(14, 14, 1061248949, 5629861),
(20, 21, 549573252, 4629861),
(49, 8, 1415171908, 9200643),
(15, 20, 1275997316, 8200647),
(37, 17, 1275997315, 1505477),
(43, 33, 27776725, 4629862),
(21, 29, 549573253, 7829922),
(29, 25, 27776724, 3514462),
(38, 12, 1275997314, 8200646),
(10, 23, 1061248951, 7829921),
(16, 49, 1061248953, 505480),
(5, 28, 1828707680, 2514462),
(11, 13, 1629920275, 3514461),
(24, 16, 764321617, 2514461),
(30, 22, 1415171910, 5629862),
(25, 5, 27776722, 505475),
(22, 38, 764321620, 9200646),
(44, 7, 27776723, 6829919),
(6, 50, 1275997319, 5629864),
(31, 44, 764321621, 505479),
(39, 1, 27776721, 1505474),
(26, 11, 1415171909, 2514460),
(32, 6, 242525088, 8200645),
(17, 15, 549573251, 505476),
(12, 19, 242525089, 6829920),
(1, 47, 549573256, 3514465),
(34, 39, 1275997318, 2514463),
(40, 34, 549573254, 5629863),
(27, 24, 2043456041, 6829921),
(33, 31, 764321619, 3514463),
(7, 45, 27776727, 1505480),
(35, 26, 242525090, 9200645),
(41, 40, 27776726, 1505479),
(36, 32, 1061248952, 505478),
(2, 9, 1828707679, 7829920),
(8, 48, 1828707681, 8200649),
(3, 18, 1061248950, 9200644);

--
-- Inserting data into table mapa_arquivo
--
INSERT INTO mapa_arquivo(mapa, codServico) VALUES
(x'69736C616277636B78657A796E67', 3514465),
(x'69736C616277636B78657A796E64', 7829920),
(x'7463707269', 9200644),
(x'666479', 1505475),
(x'6C706B676E6476', 2514462),
(x'706A627A65616D786B79', 5629864),
(x'71726A737A676579756E78', 1505480),
(x'7561', 8200649),
(x'7966786D69716A756C6F6E7265706874', 4629863),
(x'7579', 7829921),
(x'69746E776F6A686679', 3514461),
(x'706A627A65616D786B67', 6829920),
(x'69736C616277636B78657A796E76', 6829923),
(x'7463707266', 5629861),
(x'69736C616277636B78657A796E75', 8200647),
(x'666472', 505480),
(x'67636D77', 505476),
(x'6C706B676E6478', 7829923),
(x'69746E776F6A686670', 2514464),
(x'626B6E6F7368757877717A74706A6D', 4629861),
(x'6D686C6976736F65', 7829922),
(x'757072786E7464716D6B687773', 9200646),
(x'69616A726475', 1505476),
(x'69616A726473', 2514461),
(x'65', 505475),
(x'65716369787466626F6A7A68', 2514460),
(x'69736C616277636B78657A796E72', 6829921),
(x'666475', 1505478),
(x'6E', 3514462),
(x'69746E776F6A686663', 5629862),
(x'706A627A65616D786B73', 505479),
(x'6D686C6976736F61', 8200645),
(x'69736C616277636B78657A796E66', 3514463),
(x'7568', 2514463),
(x'69736C616277636B78657A796E74', 9200645),
(x'626B6E6F7368757877717A74706A69', 505478),
(x'7A', 1505477),
(x'69616A726479', 8200646),
(x'6D686C6976736F67', 1505474),
(x'74', 5629863),
(x'7463707271', 1505479),
(x'67636D69', 505477),
(x'626B6E6F7368757877717A74706A67', 4629862),
(x'626B6E6F7368757877717A74706A76', 6829919),
(x'78666D75726E6F6C7363747962777A71656867706B766961646A6468677A746B776166677768736A6E756D746B756C70777070736A666D7A786E71797764616B746A7178747A69757974706D6F68766A71766E7466787978796F61726E776674767A706A736F6463747A6C72786D6C70657071646966726B6E6C636E6C726370786A6A7465697466776B6A717876707571786B626861726273617A736F767870', 8200648),
(x'69736C616277636B78657A796E68', 3514464),
(x'7A78687765716966646F726D766A6762637974736C6B6E61707571736C68786D736965616478716B6F696F656C75767971647867727A68796A6165727571686A6E797964696A64766A726D657275626476686267786A687A696D6B77696C6B697865616D7074686E6463706F756966667261736A62656C686C616F7779747172786372626C6B6564716870656A756E697573736F706C6562736F6F6E6F686F65706478716F67797161656F616A67676B66757A7670757A6A68737A686975766D747A686A666A6777', 6829922),
(x'71726A737A676579756E6B', 4629860),
(x'71726A737A676579756E69', 9200643),
(x'75727071796B767A7366746A77656D63786F6E6861696C6267646773796A6D727075757773676E7864766161647969797464766662716B7A6968696175746264656D736B79717572726A78686C717A637769676D616367737473687879616B75687A68697A786D73696B617A7475706B667A67787179797A75736271767574656D797470666D6F716A6A6875', 505474);

--
-- Inserting data into table motorista_trabalha_para
--
INSERT INTO motorista_trabalha_para(cpf, agencia, cod) VALUES
('2OV0OY7', 'SC144027', 4613467),
('88', 'BR618280', 2929994),
('RO', 'SL659836', 848400),
('0', 'SL724206', 8679079),
('4V0', 'BR550170', 2929992),
('8M91Q82G', 'SL777982', 3929989),
('2', 'SC672306', 8679082),
('P0', 'BR200859', 6464673),
('47', 'SL525071', 2929993),
('6U', 'SL508760', 2929989),
('8W54E', '09364126', 848401),
('5S36', 'OC984958', 3929994),
('UH5', 'SL139257', 4613465),
('7', 'SL757619', 6464674),
('D98S', '08814494', 3929991),
('247Z', 'SC336785', 5613464),
('66Z8', 'NI555455', 2929990),
('WE0NP', 'BR322771', 3929990),
('15', 'OC321519', 9679079),
('N', 'SC380123', 1848400),
('T', 'SL826151', 5613465),
('U01', '02710648', 4613464),
('X8M1EN82T', '05733322', 2929991),
('27X0WS99A', 'BR990062', 848402),
('T1R', 'OC080444', 5613466),
('WP45R13', 'OC979504', 848398),
('6', 'BR255405', 7464675),
('D84E9Q9Y4', 'FC000200', 6464676),
('2RL9XD8T', 'NI249649', 7464674),
('1', 'OC806253', 1848401),
('2W', 'NI462025', 8679080),
('J7', 'NI930672', 1848403),
('6AWP4W0X8', 'NI022057', 5613468),
('8WVPO7', 'SL614821', 7464673),
('5', 'BR062944', 8679081),
('HE', '09864172', 9679077),
('7TI7I', 'OC973419', 1848399),
('K', 'BR014398', 7464676),
('14', 'SC275494', 1848402),
('PE', 'OC300279', 7464677),
('ML36A9486', 'SL821634', 5613467),
('3NU4I5', 'FC755232', 3929992),
('HI', 'SL634043', 3929993),
('2E', 'SL339508', 9679080),
('8', 'FC635449', 848399),
('P', 'FC270113', 6464677),
('46', 'SC564768', 4613466),
('0N', 'SL780473', 9679078),
('9J0', 'SC988412', 8679083),
('8VI', 'SC556769', 6464675);

--
-- Inserting data into table oferece
--
INSERT INTO oferece(codigo, CNPJ, no_contrato, dt_inicio, dt_fim, percentual) VALUES
(3514461, 'FC123475', 1750623652, '1998-01-31', '1970-01-12', 9268990),
(6829922, 'SL145531', 862975321, '1970-02-14', '1972-02-15', -44),
(4629863, 'BR808933', 87780727, '1975-05-14', '1970-01-06', -8430121),
(7829920, 'SL087073', 1965372011, '2015-08-28', '2009-08-11', 5380838),
(9200646, 'OC203606', 87780728, '1971-05-12', '2003-09-29', 922226),
(505474, 'SL656722', 561875403, '1973-12-10', '2004-07-10', 2063898),
(505477, 'BR233931', 776623767, '1991-09-05', '2011-10-20', -7917),
(4629860, '09690766', 561875402, '1990-05-06', '2009-07-31', 1339854),
(4629862, 'FC613483', 1077723690, '1970-01-03', '1999-06-02', 277),
(505476, 'SL174443', 1684541579, '1970-01-01', NULL, 0),
(1505475, 'BR915359', 302529091, '2005-05-24', '2009-10-14', 5543267),
(505480, 'NI183320', 1469793212, '2002-02-14', NULL, 4767215),
(9200645, 'OC249439', 776623766, '1970-01-01', '1981-06-29', 8),
(1505476, 'SC612795', 1684541577, NULL, NULL, NULL),
(8200647, 'FC695728', 1684541578, '2016-03-17', '2008-02-13', -8846102),
(9200643, 'SL828089', 776623768, '1999-12-18', '1970-01-08', 209070),
(7829922, 'SC009823', 1077723687, '2007-07-31', '2017-11-19', -7000558),
(1505477, '05769551', 561875399, '2015-01-11', '1979-10-03', -2006072),
(9200644, 'FC506843', 302529095, '1996-07-28', '1970-01-02', -970),
(5629864, 'FC544166', 862975322, '2015-10-01', '1983-08-19', -5564305),
(505479, 'OC383933', 1077723688, '1978-04-02', '1993-04-13', 7493838),
(1505474, 'SC318419', 87780729, '1970-02-02', '1984-09-04', 3251),
(6829923, 'SC698069', 561875398, '1993-09-12', '1988-11-29', 1307517),
(8200649, 'NI149447', 87780726, '1988-10-19', '1980-03-01', 4555739),
(5629861, 'BR245804', 1750623650, NULL, '1981-05-01', NULL),
(2514462, 'SC750802', 1469793211, '1970-01-08', '1997-06-29', 7),
(4629861, 'SC420154', 776623764, '1972-03-30', '1992-05-31', -8),
(1505478, 'NI709327', 302529094, '2009-09-05', '1997-09-16', 2919115),
(505475, 'FC344214', 302529093, NULL, '1979-07-17', NULL),
(6829921, 'OC872633', 1469793213, NULL, NULL, NULL),
(505478, '09714012', 561875401, '1986-05-06', '1985-05-14', 5090501),
(8200648, 'SL385489', 1965372012, '1996-03-03', '2000-06-09', 6686474),
(2514460, 'SL394555', 1750623651, '2006-02-06', '2000-07-30', 2962850),
(6829919, '09229078', 776623765, '1971-11-28', '1972-03-22', -69),
(2514464, 'NI057796', 1469793214, '2013-06-28', '1970-04-13', -7644076),
(2514461, 'BR174800', 862975323, NULL, '1989-03-03', NULL),
(7829923, 'FC713043', 302529092, '1971-11-30', '1976-07-22', -6),
(7829921, '01384505', 87780725, '2011-08-14', '2015-08-27', 1496703),
(5629863, 'BR927591', 561875397, NULL, NULL, NULL),
(8200645, 'FC783257', 1469793215, '1971-06-05', '1996-12-12', -52),
(8200646, 'FC356089', 862975324, '1990-03-12', '1992-02-22', -737),
(3514465, 'OC392096', 1684541580, '1976-06-08', NULL, -4032202),
(5629862, '01036203', 1965372013, NULL, '1998-11-06', NULL),
(3514464, 'SC504911', 2147483647, '1999-07-27', '1997-05-21', -9036007),
(2514463, 'OC756561', 1077723689, '1995-08-01', '1970-01-04', -7483529),
(3514463, 'OC598205', 561875400, NULL, '1997-04-06', NULL),
(3514462, 'SL526716', 1684541581, '2005-04-13', '1997-03-11', -175421),
(1505479, 'OC648433', 302529090, '1974-12-20', '1970-01-09', -181),
(1505480, 'BR894258', 776623763, '1988-02-20', '1994-09-10', -5790208),
(6829920, 'BR625679', 1077723686, '1972-04-29', NULL, -8115861);

--
-- Inserting data into table pagamento
--
INSERT INTO pagamento(codigo, vl_pago, juros, dt_vence, dt_pag, codFatura, tipo, cod_seg, numero_cartao, dt_validade, tipoCartao, nome_titular) VALUES
(9864717, 35642.74, 44.99, '1972-11-17', '2006-05-30', 36, 1, -2002606592, '4405075969202923', '1987-07-29', -9, 'Jeremiah Mccaffrey'),
(5435105, 2168.88, 5.11, '1974-03-17', '1970-01-06', 17, 1, -2102605344, '4913733758940062', '2005-12-25', -1538830071, 'Stephen Carrillo'),
(8864720, 27046.41, 89.5, '1981-01-03', '1988-08-17', 12, 2, -628224598, '6269675856684164', '2003-08-18', 7, 'Neville Cooper'),
(2918321, 36140.41, 4.41, '1970-03-11', '1995-04-29', 15, 2, -504637339, '6244040634684657', '1990-09-28', -1, 'Elva Cantu'),
(9864718, 14372.83, 6.46, '2014-01-13', '2010-08-25', NULL, 3, -1167223186, NULL, '1976-03-10', -1528065948, NULL),
(6885193, 23025.14, 27.28, '1990-05-28', '2008-04-13', NULL, 3, -982074208, '6399649063821011', '1986-10-04', -32337751, NULL),
(3918322, 26667.67, 72.81, '1970-09-17', '1985-04-01', NULL, 1, -632, '3551010045588288', '1987-04-23', -270764319, NULL),
(8864721, 46658.01, 27.02, '2014-01-29', '2018-01-01', 25, 1, -1875515735, NULL, '2015-06-29', -1632720769, 'Alina Clayton'),
(9864719, 42068.93, 73.55, '1995-04-30', '1970-06-11', 32, 1, -1497969254, '6259403096909768', '2013-06-12', -1485633615, 'Kyong Rocha'),
(2918322, 8717.32, 20.64, '1981-04-29', '1983-08-13', 32, 2, -935382159, '4844936084623211', '1984-05-20', -2031186800, 'Roy Cockrell'),
(7885194, 21659.43, 35.73, '1986-07-03', '1995-04-25', 43, 3, -1793634038, NULL, '1986-11-15', -784379541, 'Abel Miranda'),
(6885194, 42162.61, 40.74, '1970-01-10', '1986-08-27', 16, 2, -190590232, '374215999292982', '1972-04-16', -4, 'Carey Calvert'),
(4435105, 18505.15, 17.62, '2018-06-28', '1997-09-08', 25, 1, -667904147, '3560849191752753', '1990-07-04', -2042828827, 'Claudie Ladner'),
(8864722, 3362.36, 80.42, '1970-01-08', '1970-02-22', 32, 2, NULL, NULL, NULL, -54, 'Ramonita Larry'),
(689994, 4115.7, 13.83, '1991-06-05', '2015-11-10', 26, 1, -730, '3561663111249124', '1989-12-29', -8, 'Katherina Abreu'),
(1689995, 18626.06, 6.53, '1983-07-19', '1999-08-15', 27, 1, -1549770073, '5450382587560125', '1980-09-18', 7571, 'Coretta Dove'),
(5435106, 11002.41, 69.91, '2015-06-21', '2006-05-16', NULL, 2, -81881698, '4913000158504579', '1975-06-22', -1443359873, NULL),
(689995, 17720.22, 17.48, '1971-09-09', '1970-11-15', NULL, 1, -1307379023, '3574014940306435', '1995-09-30', -55335101, NULL),
(4435106, 32627.9, 56.56, '2012-06-20', '1970-01-08', 3, 2, -267478013, '4175000716089264', '2010-06-29', -890576577, 'Jesus Barth'),
(3918323, 15203.69, 49.12, '1993-08-15', '2016-12-29', 27, 3, -1488383642, '6388149896372228', '1991-02-10', -1535257900, 'Anthony Binder'),
(7885195, 4871.21, 47.05, '1975-07-03', '1982-01-15', 6, 3, 8096, '4405078436290133', '1970-03-22', -515, 'Wesley Sasser'),
(1689996, 40951.27, 4.15, '2006-03-16', '1989-01-06', 35, 2, -1889091862, '6382707375126450', '2004-06-27', 19, 'Elayne Saxon'),
(689996, 49718.09, 92.7, '2000-08-07', '1977-03-24', 8, 1, -1087964381, '3571128144922053', '1982-06-28', -1415398187, 'Raleigh Mccabe'),
(5435107, 18441.34, 81.98, '1973-12-16', '1996-01-16', 4, 3, 8651, '6227540014512692', '1970-03-28', -23, 'Abel Barnette'),
(6885195, 49552.41, 13.07, '1970-01-03', '1977-06-18', 27, 3, -452433973, '4405789001276972', '1978-10-09', 8, 'Cruz Dominguez'),
(9864720, 23918.9, 53.2, '2013-10-21', '2013-08-24', 15, 2, -1333322774, '345517996668437', '1979-09-15', -940859142, 'Timika Bruner'),
(1689997, 18135.52, 80.52, '1970-01-05', '1998-12-07', 40, 2, -1856843062, '36624528541993', '1993-03-15', -247, 'Taryn Elkins'),
(2918323, 45300.71, 53.33, '1996-07-20', '2012-03-04', 25, 2, -149672781, '30395964527483', '1986-09-17', -158, 'Edelmira Pruett'),
(8864723, 47483.87, 80.83, '1980-04-29', '1972-03-31', 14, 1, -5, '30024214144507', '1971-05-30', NULL, 'Maida Downey'),
(9864721, 45595.79, 24.54, '1992-05-09', '1970-03-22', 25, 3, 465, '6223691927294672', '1970-02-16', 4, 'Jarvis Abraham'),
(7885196, 27458.37, 61.46, '1972-04-01', '1972-06-16', 45, 2, -1030158270, '346174097387084', '2006-03-05', -878880603, 'Benedict Wakefield'),
(6885196, 24723.55, 22.32, '1970-01-07', '1974-11-06', 26, 3, -1188438083, NULL, '1973-05-12', -1543133387, 'Malik Cone'),
(3918324, 14589.62, 18.38, '2008-01-03', '1971-08-03', 3, 2, -2019305993, '6233842374318708', '1981-05-16', -314, 'Courtney Edge'),
(4435107, 39895.07, 1.6, '1978-06-02', '1970-09-07', 29, 3, -85, NULL, '1972-05-02', 6, 'Pearl Koonce'),
(689997, 46727.13, 68.43, '1970-01-07', '1987-09-03', 15, 1, -1161773494, '347851740525561', '2000-09-12', -432234408, 'Shemika Hughey'),
(1689998, 12199.32, 6.34, '2001-01-16', '1970-01-01', 14, 3, -61718947, NULL, '1995-12-11', -947745541, 'Courtney Caldwell'),
(5435108, 34664.83, 85.18, '2010-02-05', '2010-01-27', 33, 1, NULL, NULL, NULL, -314026984, 'Grover Oliphant'),
(7885197, 27001.31, 27.43, '1974-03-11', '1997-03-25', 4, 3, -541201541, '4913826679494829', '1995-07-14', -1190185026, NULL),
(4435108, 12480.02, 94.07, '2015-06-06', '2001-06-22', 21, 1, -508818618, NULL, '2009-01-24', 5236, 'Jaleesa Hamlin'),
(689998, 22437.24, 77.38, '2017-05-16', '1982-06-21', 50, 1, NULL, NULL, NULL, -1477164598, 'Frederick Cooney'),
(2918324, 44714.86, 76.92, '1985-09-23', '1996-10-28', 23, 3, -437, '6391401829990591', '1981-12-20', -170800154, 'Stewart Aguilar'),
(6885197, 38450.24, 96.86, '2004-05-21', '2007-02-04', 32, 2, 2, '30457668408020', '1970-01-03', NULL, 'Natividad Garvin'),
(5435109, 17868.75, 85.03, '1970-04-06', '2003-06-26', 50, 1, -109818659, '30096052960186', '2006-04-23', -15514001, 'Kazuko Holton'),
(8864724, 43011.05, 79.65, '1971-11-06', '1976-02-05', 5, 2, -107, '6280433627606149', '1972-12-06', -1389533030, 'Dennis Carrion'),
(3918325, 22134.02, 83.91, '2010-10-20', '1978-12-18', 36, 2, -376024012, '38231432405279', '2004-10-17', 1, 'Anibal Boatwright'),
(9864722, 23518.9, 78.09, '1977-02-26', '1988-04-12', 16, 2, -7, '6221826314463942', '1972-01-14', -157160471, NULL),
(2918325, 3729.37, 69.12, '1981-05-30', '1989-12-02', 28, 3, -2048500769, '6397835769648038', '2002-05-14', -1873137491, 'Derrick Bernier'),
(7885198, 804.32, 45.43, '1972-09-04', '1981-01-05', 16, 3, -1364593507, '6246756962241780', '1999-07-23', -84, 'Freeman Krauss'),
(4435109, 47909.41, 63.99, '1970-03-17', '1972-04-17', 21, 1, 84, '6224394446458303', '1970-01-09', 959, 'Miss Derr'),
(1689999, 20303.6, 8.93, '1970-06-12', '1970-02-21', 23, 3, -178610704, '6398269635147893', '1984-01-12', 43, 'Denisse Donnell');

--
-- Inserting data into table promocao
--
INSERT INTO promocao(id, dt_fim, porcentagem_desconto, tipo, dt_inicio, codservico) VALUES
(1, '1984-10-19', 27, 2, '1972-04-20', 3514465),
(2, '2014-01-09', 10, 2, '1981-10-08', 7829921),
(3, '1984-12-03', 25, 1, '1995-06-22', 1505478),
(4, '1970-06-04', 38, 1, '1970-01-02', 7829922),
(5, '1980-01-26', 68, 1, '1987-12-01', 3514465),
(6, '1976-01-08', 1, 1, '1975-01-10', 2514463),
(7, '1995-07-03', 23, 2, '1971-10-12', 6829922),
(8, '2016-06-21', 44, 2, '1981-09-02', 6829923),
(9, '1975-11-21', NULL, NULL, '1994-08-29', NULL),
(10, '2009-08-04', 50, 2, '1970-01-01', 505477),
(11, '2001-05-21', 38, 1, '1990-05-12', 6829920),
(12, '2011-02-05', 40, 1, '1970-01-01', 1505474),
(13, '1970-01-09', 24, 2, '1970-09-09', 3514465),
(14, '1977-11-14', 52, 1, '1971-04-07', 505478),
(15, '1994-10-15', 29, 2, '1998-10-14', 5629862),
(16, '1979-05-02', 12, 1, '1997-12-29', 1505479),
(17, '1973-09-01', 24, 2, '2002-02-13', 505478),
(18, '2011-05-17', 32, 2, '2007-08-28', 6829921),
(19, '2016-01-09', 91, 2, '2001-02-21', 2514462),
(20, '1970-08-10', NULL, NULL, '1972-12-01', NULL),
(21, '1986-01-26', NULL, NULL, '1970-03-20', NULL),
(22, '1979-10-17', 68, 2, '2011-08-07', 7829922),
(23, '1997-03-07', 54, 2, '1970-03-19', 9200644),
(24, '1970-01-04', 70, 1, '1988-03-26', 505480),
(25, '1980-10-19', 79, 2, '2000-09-26', 8200648),
(26, '1979-11-23', 37, 2, '1976-10-08', 1505475),
(27, '1970-01-10', NULL, NULL, '1970-02-27', NULL),
(28, '1994-10-24', 98, 1, '1989-07-10', 3514463),
(29, '2015-04-23', 15, 1, '2016-02-06', 1505475),
(30, '1986-11-14', 51, 1, '1988-11-16', 5629864),
(31, '1970-08-04', 49, 2, '1981-01-30', 8200646),
(32, '1974-05-04', 40, 1, '1971-03-09', 2514464),
(33, '1987-05-25', 23, 2, '1970-02-06', 1505474),
(34, '1979-01-07', 79, 2, '1971-03-27', 1505480),
(35, '1998-08-08', 4, 1, '2018-02-17', 1505479),
(36, '1970-12-30', 1, 2, '1970-01-10', 1505477),
(37, '2011-11-19', 44, 1, '2007-04-15', 3514461),
(38, '1991-11-17', 95, 2, '1986-11-22', 9200645),
(39, '1986-02-26', 66, 1, '1988-04-11', 3514464),
(40, '1984-08-12', NULL, NULL, '1970-01-01', NULL),
(41, '1970-04-10', 15, 1, '1993-10-17', 3514464),
(42, '1970-03-16', 85, 2, '1974-08-13', 3514463),
(43, '2004-05-24', 16, 1, '1970-09-05', 505475),
(44, '1971-10-12', 17, 2, '1999-01-08', 8200645),
(45, '1989-10-10', 4, 2, '1987-07-20', 2514463),
(46, '1989-05-09', 90, 1, '1970-01-01', 6829922),
(47, '1970-01-02', 26, 1, '1970-01-09', 8200648),
(48, '1976-12-07', 9, 1, '1970-01-02', 1505479),
(49, '1998-02-05', 23, 1, '1983-05-02', 7829923),
(50, '1972-05-07', 1, 1, '1978-03-17', 6829920);

--
-- Inserting data into table servico_proprio
--
INSERT INTO servico_proprio(codigo) VALUES
(5629862),
(5629864),
(1505475),
(8200648),
(7829922),
(8200649),
(4629863),
(3514464),
(6829922),
(6829921),
(505480),
(3514465),
(1505477),
(6829923),
(1505480),
(7829923),
(1505476),
(505475),
(2514464),
(8200646),
(1505478),
(3514462),
(2514460),
(8200645),
(1505474),
(9200644),
(3514463),
(3514461),
(6829920),
(9200646),
(9200645),
(505478),
(505477),
(5629861),
(8200647),
(4629862),
(2514462),
(505479),
(7829921),
(2514463),
(5629863),
(1505479),
(505476),
(4629861),
(6829919),
(2514461),
(4629860),
(9200643),
(505474),
(7829920);

--
-- Inserting data into table transporte
--
INSERT INTO transporte(codigo, local_de_origem, data_ida, dt_volta, modalidade, marca, tipo, num_identificacao, capacidade_n_pessoas, motoristacpf, motoristacod) VALUES
(5629863, 'Mount Martha', '1975-09-28', '1970-01-09', 'Rosewood', 'Cabcessinra', 3, 1, 1, 'RO', 848400),
(4629863, 'Port Hedland', '2004-02-19', '1970-02-21', 'Amber', 'Playcordleter', 3, 2, 2, 'P', 6464677),
(1505479, 'Grafton', '1990-01-30', '1970-01-05', 'TeaGreen', 'Speakcordefra', 2, 3, 3, '8M91Q82G', 3929989),
(7829922, 'Wollongong', '2014-06-06', '2011-09-04', 'PastelRed', 'Comtopanra', 3, 4, 4, 'T1R', 5613466),
(6829921, 'Townsville', '2003-01-11', '1974-06-12', 'RosyBrown', 'Cleanholdexra', 2, 5, 5, '2', 8679082),
(1505474, 'Lismore', '1971-08-21', '1970-02-09', 'ZinnwalditeBrown', 'Cleanlictedgry', 2, 6, 6, '5', 8679081),
(5629864, 'Darwin', '2000-06-30', '1970-01-06', 'TeaRose', 'Rebandupor', 2, 7, 7, '47', 2929993),
(505480, 'Griffith', '1970-01-03', '1970-01-03', 'MediumTurquoise', 'Tabculscope', 2, 8, 8, '8M91Q82G', 3929989),
(6829919, 'Mudgee', '1985-06-23', '2002-07-25', 'DarkChestnut', 'Speakceiveper', 1, 9, 9, '9J0', 8679083),
(3514465, 'Rosebud', '2005-01-01', '1971-02-18', 'Munsell', 'Tabtellor', 1, 10, 10, 'PE', 7464677),
(1505477, 'Devonport', '1999-11-30', '1987-09-20', 'LawnGreen', 'Anceivfion', 1, 11, 11, '5', 8679081),
(4629860, 'Hervey Bay', '1970-01-05', '2017-12-28', 'ElectricGreen', 'Subcesser', 1, 12, 12, '0', 8679079),
(1505480, 'Port Lincoln', '1981-01-25', '1970-01-04', 'MediumVioletRed', 'Anceivonlet', 1, 13, 13, 'K', 7464676),
(8200646, 'Busselton', '2008-02-24', '1987-08-16', 'PastelViolet', 'Suplifion', 2, 14, 14, 'D98S', 3929991),
(8200649, 'Traralgon', '1996-12-31', '1999-09-24', 'RoyalAzure', 'Printjectridge', 3, 15, 15, '88', 2929994),
(9200643, 'Murray Bridge', '2013-08-01', '1980-01-09', 'Teal', 'Conceivadlet', 2, 16, 1, '0', 8679079),
(9200644, 'Lithgow', '1976-11-24', '1981-07-19', 'DarkCoral', 'Conmutphone', 3, 17, 2, '2E', 9679080),
(3514461, 'Port Macquarie', '1978-05-16', '1997-11-06', 'Lemon', 'Cabnierscope', 3, 18, 3, '2W', 8679080),
(1505478, 'Sale', '1975-08-18', '1970-01-01', 'RoyalBlue', 'Carttaon', 1, 19, 4, 'D98S', 3929991),
(8200648, 'Batemans Bay', '2008-10-02', '1981-09-05', 'TealBlue', 'Tweettinor', 3, 20, 5, 'PE', 7464677),
(505474, 'Ulverstone', '1994-05-05', '1970-02-08', 'Mustard', 'Printcesser', 3, 21, 6, '5', 8679081),
(3514462, 'Muswellbrook', '1970-01-30', '1995-08-29', 'PastelYellow', 'Subtellphone', 3, 22, 7, 'ML36A9486', 5613467),
(7829920, 'Byron Bay', '1988-02-21', '1972-06-17', 'Burlywood', 'Speakpickewer', 3, 23, 8, 'UH5', 4613465),
(6829920, 'Bathurst', '2000-09-14', '1992-10-16', 'Melon', 'Ampwoofer', 1, 24, 9, '2E', 9679080),
(1505475, 'Gympie', '1980-07-09', '2007-09-04', 'Myrtle', 'Tabculentor', 1, 25, 10, '46', 4613466),
(5629861, 'Hobart', '2003-01-02', '2002-07-03', 'ElectricIndigo', 'Subtecter', 2, 26, 11, 'U01', 4613464),
(1505476, 'Caboolture', '1993-11-04', '1997-04-17', 'Patriarch', 'Promutepphone', 1, 27, 12, 'J7', 1848403),
(8200647, 'Sawtell', '1970-01-09', '2016-05-22', 'DarkCyan', 'Carttinaquer', 3, 28, 13, '247Z', 5613464),
(3514463, 'Bendigo', '2014-08-10', '2003-09-24', 'ElectricLavender', 'Subcyclletor', NULL, 29, 14, 'P0', 6464673),
(3514464, 'Victor Harbor', '1984-05-09', '1981-09-13', 'NadeshikoPink', 'Subcordefon', 2, 30, 15, '7TI7I', 1848399),
(505475, 'Shepparton', '2003-09-02', '1973-12-22', 'PayneGrey', 'Stereomutepor', 1, 31, 1, '2RL9XD8T', 7464674),
(2514460, 'Cairns', '1971-02-09', '1986-03-17', 'NapierGreen', 'Anfindonar', 3, 32, 2, '0', 8679079),
(9200645, 'Blaxland', '1970-01-02', '2007-11-25', 'LemonYellow', 'Tabplotter', 3, 33, 3, '66Z8', 2929990),
(8200645, 'Adelaide', '1989-09-27', '2007-08-26', 'DarkElectricBlue', 'Speaktagaridge', 2, 34, 4, '27X0WS99A', 848402),
(505476, 'Mackay', '2001-12-25', '1973-08-16', 'AmericanRose', 'Printleadar', 2, 35, 5, '15', 9679079),
(505478, 'Victoria Point', '2011-04-24', '1970-02-16', 'RoyalFuchsia', 'Transputentor', NULL, 36, 6, '27X0WS99A', 848402),
(505477, 'Drouin', '2000-01-04', '1997-09-08', 'ElectricLime', 'Transtinator', 2, 37, 7, '5S36', 3929994),
(4629862, 'Port Pirie', '1985-01-26', '1988-11-29', 'Peach', 'Cartputer', 1, 38, 8, '66Z8', 2929990),
(2514462, 'Singleton', '1970-01-06', '1970-01-06', 'NaplesYellow', 'Tabfinder', 3, 39, 9, 'PE', 7464677),
(7829921, 'Bongaree', '1972-01-09', '2009-01-02', 'TealGreen', 'Miclifiridge', 3, 40, 10, '47', 2929993),
(4629861, 'Albany', '1970-02-12', '1976-01-28', 'PeachPuff', 'Tabjectlet', 3, 41, 11, '8W54E', 848401),
(6829922, 'Nambour', '2004-10-18', '2002-05-13', 'NavajoWhite', 'Cleanjectfiator', 3, 42, 12, '7TI7I', 1848399),
(2514461, 'Bowral', '1971-10-09', '1985-12-14', 'MidnightBlue', 'Armtopedra', NULL, 43, 13, '27X0WS99A', 848402),
(5629862, 'Albury', '1978-07-08', '2018-01-31', 'BurntOrange', 'Recessra', 2, 44, 14, '8W54E', 848401),
(6829923, 'Horsham', '1970-07-17', '2017-01-27', 'PeachYellow', 'Armlifiridge', 1, 45, 15, 'ML36A9486', 5613467),
(7829923, 'Hamilton', '2016-12-02', '1978-09-13', 'NavyBlue', 'Protectphone', 1, 46, 1, '66Z8', 2929990),
(2514464, 'Brisbane', '1971-04-12', '1970-01-01', 'DarkGoldenrod', 'Subculator', 1, 47, 2, 'P0', 6464673),
(9200646, 'Alice Springs', '1970-02-18', '1979-07-25', 'Pear', 'Tweettagaor', 1, 48, 3, 'D98S', 3929991),
(505479, 'Wagga Wagga', '1988-10-30', '2015-05-26', 'LemonChiffon', 'Cartceiver', 3, 49, 4, '0N', 9679078),
(2514463, 'Broken Hill', '1977-12-21', '2001-11-26', 'RoyalPurple', 'Charcycliclet', 2, 50, 5, '2W', 8679080);

--
-- Inserting data into table visto
--
INSERT INTO visto(controlnumber, numeroPass, codcliente, tipo, pais, dt_inicio, dt_fim) VALUES
('72128', '90456', 7464673, 2, 'Chile', '1974-04-16', '2007-10-27'),
('29799', '28271', 6464676, 0, 'Austria', '1970-01-06', '1973-01-07'),
('69425', '93662', 5613466, 0, 'Gambia', '1970-07-14', '1996-10-22'),
('33563', '14066', 7464677, 0, 'Saudi Arabia', '1972-03-25', '1990-08-03'),
('29240', '66524', 6464674, 2, 'New Zealand', '1973-11-13', '1970-01-01'),
('40607', '57030', 5613464, 1, 'Lebanon', '1970-01-08', '1970-02-14'),
('23970', '26632', 1848401, 3, 'Guatemala', '1975-05-07', '1982-10-17'),
('71951', '20457', 8679080, 3, 'India', '1973-03-07', '1995-10-13'),
('88215', '06834', 5613468, 1, 'Lebanon', '1979-03-28', '1971-08-25'),
('87842', '88209', 2929989, 0, 'Australia', '1970-02-16', '2011-03-01'),
('04926', '93145', 6464677, 2, 'Malawi', '1970-01-05', '1993-01-01'),
('11764', '73683', 8679082, 3, 'Bangladesh', '1971-03-02', '2007-04-12'),
('66796', '84399', 3929994, 0, 'Cyprus', '1970-01-08', '1972-05-15'),
('98180', '57121', 3929990, 1, 'Austria', '1993-07-18', '2001-07-31'),
('20469', '10203', 4613464, 2, 'Afghanistan', '1971-11-21', '2016-09-06'),
('98851', '82968', 6464673, 3, 'Portugal', '1978-12-04', '1996-05-19'),
('21024', '90931', 9679078, 3, 'Mauritania', '1970-01-02', '1990-03-10'),
('43217', '98620', 9679077, 2, 'Philippines', '2017-07-07', '1995-12-15'),
('73135', '41061', 7464675, 1, 'Nicaragua', '1971-06-18', '1988-04-13'),
('79721', '89070', 6464675, 1, 'Malawi', '1972-02-27', '2000-09-20'),
('94167', '88754', 4613467, 3, 'Guatemala', '2013-09-09', '1970-01-01'),
('70656', '41393', 1848399, 1, 'Albania', '1980-01-19', '1987-02-14'),
('72590', '94696', 1848402, 2, 'Malaysia', '1979-09-23', '1970-01-01'),
('71949', '08523', 9679079, 0, 'Luxembourg', '1970-01-10', '1995-09-22'),
('07719', '72417', 848402, 2, 'Iraq', '1970-01-17', '1977-10-07'),
('24142', '35627', 9679080, 3, 'Nepal', '1995-12-22', '1970-11-27'),
('56145', '97625', 7464674, 3, 'France', '1970-05-31', '1992-02-17'),
('07641', '97761', 1848400, 0, 'Slovakia', '1970-01-04', '1970-01-27'),
('19224', '28993', 7464676, 3, 'Tunisia', '1978-02-05', '1978-01-14'),
('78276', '38557', 848398, 1, 'Thailand', '1978-09-22', '1970-03-12'),
('76508', '22798', 848399, 2, 'Nepal', '1972-04-18', '1985-11-03'),
('95738', '98602', 4613465, 1, 'Afghanistan', '1990-06-08', '1999-01-10'),
('36362', '14133', 3929992, 1, 'Brazil', '1999-09-22', '1970-04-04'),
('30462', '53236', 3929993, 2, 'Czech Republic', '1987-02-06', '1990-06-10'),
('95492', '09286', 2929993, 2, 'Afghanistan', '1970-01-02', '1970-02-14'),
('45092', '82850', 848401, 2, 'Ireland', '1970-01-12', '1970-01-06'),
('39280', '22198', 8679079, 1, 'Luxembourg', '1970-11-29', '1990-10-06'),
('24867', '18618', 8679083, 2, 'Chile', '1975-02-21', '1976-11-28'),
('88882', '02678', 1848403, 3, 'Latvia', '1976-03-24', '1970-03-29'),
('74739', '19201', 5613465, 3, 'Bulgaria', '2004-05-12', '1972-09-06'),
('65759', '17325', 848400, 2, 'Botswana', '1990-06-16', '1998-03-26'),
('43136', '29294', 2929991, 3, 'Zimbabwe', '1970-01-01', '1974-07-28'),
('53362', '72512', 2929992, 3, 'Korea', '1982-08-23', '1995-03-24'),
('22907', '30346', 3929989, 1, 'Turkey', '1970-01-08', '1988-06-28'),
('67981', '18921', 8679081, 3, 'Bahrain', '1971-01-17', '2000-12-26'),
('13071', '01870', 3929991, 3, 'Sierra Leone', '1971-05-12', '1991-01-02'),
('98377', '61847', 2929990, 0, 'Afghanistan', '1975-02-10', '1996-05-01'),
('59972', '42411', 2929994, 1, 'Estonia', '2004-07-05', '1986-03-01'),
('96972', '52306', 5613467, 1, 'Kenya', '1970-03-19', '1970-01-11'),
('05878', '04474', 4613466, 2, 'Belize', '1997-11-12', '1970-05-25');